KY660678	54319	Eukaryota	Chordata	Actinopteri	Perciformes	Percidae	Etheostoma	Etheostoma_caeruleum	CACCGCGGTTATACGAGAGGCCCAAGCTGATAGACACCGGCGTAAAGCGTGGTTAAGGTTCCTTCCAAAACTAAAGCCGAACACCTTCAGAACTGTTATACGCACCCGAAGGTATGAAGACCAACAACGAAAGTGGCTTTATAATTCTGAACCCACGAAAGCTACGACA	GCCGGTAAAACTCGTGCCAGC	CAAACTGGGATTAGATACCCCACTATG
KY747492	417933	Eukaryota	Chordata	Actinopteri	Perciformes	Percidae	Etheostoma	Etheostoma_okaloosae	CACCGCGGTTATACGAGAGGCCCAAGCTAGACAGACACCGGCGTAAAGAGTGGTTAGGACTCTTATACAACTAAAGCCAAACACCTTCAGAGCTGTTATACGCACCCGAAGGCAAGAAGACCAACTACGAAAGTGGCTTTATAGCCCTGAACCCACGAAAGCTACGACA	GCCGGTAAATCTCGTGCCAGC	CAAACTGGGATTAGATACCCCACTATG
KY798461	8168	Eukaryota	Chordata	Actinopteri	Perciformes	Percidae	Perca	Perca_fluviatilis	CACCGCGGTTATACGAGAGGCCCAAGTTGATAGACATCGGCGTAAAGCGTGGTTAAGATTAAAGACAATACTAAAGCCGAACACCTTCAGAGCTGTTATACGCATCCGAAGGTAAGAAGTTCAACCACGAAAGTGGCTTTATAGCCCCTGAACCCACGAAAGCTACGATA	GCCGGTAAAACTCGTGCCAGC	CAAACTGGGATTAGATACCCCACTATG
KY952221	162989	Eukaryota	Chordata	Actinopteri	Perciformes	Percidae	Etheostoma	Etheostoma_tallapoosae	CACCGCGGTTATACGAGAGGCCCAAGCTGATAGACACCGGCGTAAAGAGTGGTTAGGATATTTATGAAACTAAAGCCAAACACCTTCAGAGCTGTTATACGCACCCGGAGGCAAGAAGACCAACTACGAAAGTGACTTTATAACCCTGAATCCACGAGAGCTAGGACA	GCCGGTAAAACTCGTGCCAGC	CAAACTGGGATTAGATACCCCACTATG
KY965071	310366	Eukaryota	Chordata	Actinopteri	Perciformes	Percidae	Etheostoma	Etheostoma_chuckwachatte	CACCGCGGTTATACGAGAGGCCCAAGTTGATAGAGCCCGGCGTAAAGCGTGGTTAAGATTGTTACAAAATAAAGCCGAACACCCTCAAAGCTGTTATACGCACTCGAAGGTAAGAAGTTCAACCACGAAAGTGGCTTTAAAGGCTGAACCCACGAGAGCTACGACA	GCCGGTAAAACTCGTGCCAGC	CAAACTGGGATTAGATACCCCACTATG
KY965072	417927	Eukaryota	Chordata	Actinopteri	Perciformes	Percidae	Etheostoma	Etheostoma_jessiae	CACCGCGGTTATACGAGAGACCCAAGTTGATAGATGCCGGCGTAAAGCGTGGTTAAGATTCTTACAATACTAAAGCCGAACACCTTCAGAGCTGTTATACGCACCCGAAGGTTAGAAGACCACCCACGAAAGTGGCTTTACAACGCTGAACCCACGAAAGCTACGACA	GCCGGTTAAACTCGTGCCAGC	CAAACTGGGATTAGATACCCCACTATG
KY965073	1070206	Eukaryota	Chordata	Actinopteri	Perciformes	Percidae	Percina	Percina_crypta	CACCGCGGTTATACGAGAGGCCCAAGTTGATAATTACCGGCGTAAAGCGTGGTTAAGATTTCTATAAAACTAAAGCCGAACCCCCTCAGAGCTGTTATACGCACCCGAAGGTAAGAAGTTCAACCACGAAAGTGGCTTTACAGCCCCGAACCCACGAAAGCTAAGATA	GCCGGTAAAACTCGTGCCAGC	CAAACTGGGATTAGATACCCCACTATG
MN402459	255458	Eukaryota	Chordata	Actinopteri	Perciformes	Percidae	Ammocrypta	Ammocrypta_beanii	CACCGCGGTTATACGAGAGGCCCAAGCTGATAGACGCCGGCGTAAAGCGTGGTTAAGATTTTCACCAAACTAAAGCCGAATATCTTCAGAACTGTTATACGCACCCGAAGATTAGAAGCTCGACCACGAAAGTGGCTTTACAACCCTGAACCCACGAAAGCTACGACA	GCCGGTAAAACTCGTGCCAGC	CAAACTGGGATTAGATACCCCACTATG
MN792799	417941	Eukaryota	Chordata	Actinopteri	Perciformes	Percidae	Etheostoma	Etheostoma_trisella	CACCGCGGTTATACGAGAGGCCCAAGTTGATAGACACCGGCGTAAAGAGTGGTTAGGACTTTTTCAAAATAAAGCCGAACACCTTCAGAGCTGTTATACGCACCCGAAGACAAGAAGATCAATCACGAAAGTGGCTTTAGAACACTGAACCCACGAAAGCTAGGGCA	GCCGGTAAAACTCGTGCCAGC	CAAACTGGGATTAGATACCCCACTATG
MN853162	283036	Eukaryota	Chordata	Actinopteri	Perciformes	Percidae	Sander	Sander_vitreus	CACCGCGGTTATACGAGAGGCCCAAGTTGATAGCTGCCGGCGTAAAGCGTGGTTAAGATAAAGACTAAAACTAAAGCCGAACGCCCTCAAAGCTGTTATACGCACCCGATGGTGAGAAGTTCAATCACGAAAGTGGCTTTATACATCCTGAATCCACGAAAGCTAAGATA	GCCGGTAAAACTCGTGCCAGC	CAAACTGGGATTAGATACCCCACTATG
MF621736	8167	Eukaryota	Chordata	Actinopteri	Perciformes	Percidae	Perca	Perca_flavescens	CACCGCGGTTATACGAGAGGCCCAAGTTGATTGACATCGGCGTAAAGCGTGGTTAAGGCCAAAAATGAAACTAAAGCCGAACACCTTCAGAGCTGTTATACGCATCCGAAGGCAAGAAGTTCAACCACGAAGGTGGCTTTATAACCCCTGAACCCACGAAAGCTAAGATA	GCCGGTAAAACTCGTGCCAGC	CAAACTGGGATTAGATACCCCACTATG
MH301059	54330	Eukaryota	Chordata	Actinopteri	Perciformes	Percidae	Etheostoma	Etheostoma_flabellare	CACCGCGGTTATACGAGGGGCCCAAGCTGATAGAGACCGGCGTAAAGCGTGGTTAAGACTATAACAGACTAAAGCCAAACACCTTCACAGCTGTTATACGCACCCGAAGGCAAGAAGACCAACCACGAAAGTAGCTTTAAAACTCTGAACCCACGAAAGCTATGACA	GCCGGTAAAACTCGTGCCAGC	CAAACTGGGATTAGATACCCCACTATG
MH301061	417934	Eukaryota	Chordata	Actinopteri	Perciformes	Percidae	Etheostoma	Etheostoma_olmstedi	CACCGCGGTTATACGAGAGGCCCAAGTTGATAGACACCGGCGTAAAGCGTGGTTAAGATTTTTTTTTAAACTAAAGCCGAACACCTTCAGGGCTGTTATACGCACCCGAAGGCAAGAAGATCAATCACGAAAGTGGCTTTACAACCCTGAACCCACGAAAGCTACGACA	GCCGGTAAAACTCGTGCCAGC	CAAACTGGGATTAGATACCCCACTATG
MH301062	417934	Eukaryota	Chordata	Actinopteri	Perciformes	Percidae	Etheostoma	Etheostoma_olmstedi	CACCGCGGTTATACGAGAGGCCCAAGTTGATAGACACCGGCGTAAAGCGTGGTTAAGATTTTTTTTAAAACTAAAGCCGAACACCTTCAGGGCTGTTATACGCACCCGAAGGCAAGAAGATCAATCACGAAAGTGGCTTTACAACCCTGAACCCACGAAAGCTACGACA	GCCGGTAAAACTCGTGCCAGC	CAAACTGGGATTAGATACCCCACTATG
MH301082	283034	Eukaryota	Chordata	Actinopteri	Perciformes	Percidae	Sander	Sander_canadensis	CACCGCGGTTATACGAGAGGCCCAAGTTGATAGCCATCGGCGTAAAGCGTGGTTAAGATAAAGACTAAAACTAAAGCCGAACACCCTCAGAGCTGTTATACGCACCCGAAGGTAAGAAGTTCAATCACGAAAGTGGCTTTATAGACCCCGAACCCACGAAAGCTACGATA	GCCGGTAAAACTCGTGCCAGC	CAAACTGGGATTAGATACCCCACTATG
MH301083	283036	Eukaryota	Chordata	Actinopteri	Perciformes	Percidae	Sander	Sander_vitreus	CACCGCGGTTATACGAGAGGCCCAAGTTGATAGCTACCGGCGTAAAGCGTGGTTAAGATAAAGACTAAGACTAAAGCCGAACGCCCTCAGAGCTGTTATACGCACCCGATGGTGAGAAGTTCAATCACGAAAGTGGCTTTATAAATCCTGAACCCACGAAAGCTAAGATA	GCCGGTAAAACTCGTGCCAGC	CAAACTGGGATTAGATACCCCACTATG
AP005994	54353	Eukaryota	Chordata	Actinopteri	Perciformes	Percidae	Etheostoma	Etheostoma_zonale	CACCGCGGTTATACGAGAGGCCCAAGCTGATAGACACCGGCGTAAAGCGTGGTTAGGATTTTTATAAAACTAAAGCCGAACACCCTCAGAGCTGTTATACGCACCCGAAGGTAAGAAGACCAACCACGAAAGTGGCTTTACAACGCTGAACCCACGAAAGCTATGATA	GCCGGTAAAACTCGTGCCAGC	CAAACTGGGATTAGATACCCCACTATG
MH918137	57865	Eukaryota	Chordata	Actinopteri	Perciformes	Percidae	Gymnocephalus	Gymnocephalus_cernua	CACCGCGGTTATACGAGAGGCCCAAGCTGATAGATATCGGCGTAAAGCGTGGTTAAGATTTTAATATAAACTAAAGCCGAACACCTTCAAAGCTGTTATACGCACCCGAAGGTAAGAAGTTCAACCACGAAAGTGGCTTTATAACCCCTGAACCCACGAAAGCTACGACA	GCCGGTAAAACTCGTGCCAGC	CAAACTGGGATTAGATACCCCACTATG
MK243404	54343	Eukaryota	Chordata	Actinopteri	Perciformes	Percidae	Etheostoma	Etheostoma_spectabile	CACCGCGGTTATACGAGAGGCCCAAGTTGATATATGCCGGCGTAAAGCGTGGTTAAGACTTATGTACAACTAAAGCCAAACACCTTCAAAGCTGTTATACGCACTCGGAGATAAGAAGATCAATCACGAAAGTGGCTTTACTATCCTGAACCCACGAAAGCTACGACA	GCCGGTAAAACTCGTGCCAGC	CAAACTGGGATTAGATACCCCACTATG
MK509809	57865	Eukaryota	Chordata	Actinopteri	Perciformes	Percidae	Gymnocephalus	Gymnocephalus_cernua	CACCGCGGTTATACGAGAGGCCCAAGCTGATAGATATCGGCGTAAAGCGTGGTTAAGATTTTAATATAAACTAAAGCCGAACACCTTCAAAGCTGTTATACGCACCCGAAGATAAGAAGTTCAACCACGAAAGTGGCTTTATAACCCCTGAACCCACGAAAGCTACGACA	GCCGGTAAAACTCGTGCCAGC	CAAACTGGGATTAGATACCCCACTATG
MK778456	163812	Eukaryota	Chordata	Actinopteri	Perciformes	Percidae	Percina	Percina_brevicauda	CACCGCGGTTATACGAGAGGCCCAAGTTGATAATTACCGGCGTAAAGCGTGGTTAAGATTTTAATAGAACTAAAGCCGAACCCCTTCAGAGCTGTTATACGCACCCGAAGGTAAGAAGTTCAACCACGAAAGTGGCTTTACAGCCCCGAACCCACGAAAGCTAAGATA	GCCGGTAAAACTCGTGCCAGC	CAAACTGGGATTAGATACCCCACTATG
KM370982	417939	Eukaryota	Chordata	Actinopteri	Perciformes	Percidae	Etheostoma	Etheostoma_swaini	CACCGCGGTTATACGAGAGGCCCAAGCTGATAGACACCGGCGTAAAGCGTGGTTAAGATTTTCTCCAAAACTAAAGCCGAACACCTTCAGAACTGTTATACGCATCCGAAGGCATGAAGACCAACAACGAAAGTGGCTTTATGTTTCTGAACCCACGAAAGCTACGACA	GCCGGTAAAACTCGTGCCAGC	CAAACTGGGATTAGATACCCCACTATG
KM370988	54332	Eukaryota	Chordata	Actinopteri	Perciformes	Percidae	Etheostoma	Etheostoma_histrio	CACCGCGGTTATACGAGAGGCCCAAGTTGATAGACAGCGGCGTAAAGCGTGGTTAAGATTTTTATAAAAATAAAGCCGAACACCTTCAGGGCCGTTATACGCACCCGAAGGCAAGAAGACCAACCACGAAAGTGGCTTTACAAACCTGAACCCACGAAAGCTACGACA	GCCGGTAAAACTCGTGCCAGC	CAAACTGGGATTAGATACCCCACTATG
KM410087	283035	Eukaryota	Chordata	Actinopteri	Perciformes	Percidae	Sander	Sander_lucioperca	CACCGCGGTTATACGAGAGGCCCAAGTTGATAGACATCGGCGTAAAGCGTGGTTAAGACAAAAACAAAACTAAAGCCGAACACCTTCAGAGCTGTTATACGCACCCGAAGGTAAGAAGTTCAACCACGAAAGTGGCTTTATTACCCCTGAACCCACGAAAGCTACGATA	GCCGGTAAAACTCGTGCCAGC	CAAACTGGGATTAGATACCCCACTATG
JQ999989	417912	Eukaryota	Chordata	Actinopteri	Perciformes	Percidae	Sander	Sander_marinus	CACCGCGGTTATACGAGAGGCCCAAGTTGATAGACATCGGCGTAAAGCGTGGTTAAGACAAAAACAAAACTAAAAGCCGAACACCTTCAGAGCTGTTATACGCACCCGAAGGTAAGAAGTTCAACCACGAAAGTGGCTTTATTACCCCTGAACCCACGAAAGCTACGGTA	GCCGGTAAAACTCGTGCCAGC	CAAACTGGGATTAGATACCCCACTATG
DQ536430	163822	Eukaryota	Chordata	Actinopteri	Perciformes	Percidae	Percina	Percina_macrolepida	CACCGCGGTTATACGAGAGGCCCAAGTTGATAATTACCGGCGTAAAGCGTGGTTAAGATTTTTATAAAACTAAAGCCGAACCCCTTCAGAGCTGTTATACGCACCCGAAGGTAAGAAGTTCAACCACGAAAGTGGCTTTACAGCCCCGAACCCACGAAAGCTAAGATA	GCCGGTAAAACTCGTGCCAGC	CAAACTGGGATTAGATACCCCACTATG
KR905930	210850	Eukaryota	Chordata	Actinopteri	Perciformes	Percidae	Perca	Perca_schrenkii	CACCGCGGTTATACGAGAGGCCCAAGTTGATAATCATCGGCGTAAAGCGTGGTTAAGATCAAAGACGAAACTAAAGCCGAACACCTTCAGAGCTGTTATACGCACCCGAAGGTAAGAAGTTCAACCACGAAAGTGGCTTTATAGCCCCTGAACCCACGAAAGCTATGATA	GCCGGTAAAACTCGTGCCAGC	CAAACTGGGATTAGATACCCCACTATG
KT211421	283036	Eukaryota	Chordata	Actinopteri	Perciformes	Percidae	Sander	Sander_vitreus	CACCGCGGTTATACGAGAGGCCCAAGTTGATAGCTGCCGGCGTAAAGCGTGGTTAAGATAAAGACTAAGACTAAAGCCGAACGCCCTCAGAGCTGTTATACGCACCCGATGGTGAGAAGTTCAATCACGAAAGTGGCTTTATAAATCCTGAACCCACGAAAGCTAAGATA	GCCGGTAAAACTCGTGCCAGC	CAAACTGGGATTAGATACCCCACTATG
KT211424	283036	Eukaryota	Chordata	Actinopteri	Perciformes	Percidae	Sander	Sander_vitreus	CACCGCGGTTATACGAGAGGCCCAAGTTGATAGCTACCGGCGTAAAGCGTGGTTAAGATAAAGACTAAGACTAAAGCCGAACGCCCTCAAAGCTGTTATACGCACCCGATGGTGAGAAGTTCAATCACGAAAGTGGCTTTATAAATCCTGAACCCACGAAAGCTAAGATA	GCCGGTAAAACTCGTGCCAGC	CAAACTGGGATTAGATACCCCACTATG
KT289926	54337	Eukaryota	Chordata	Actinopteri	Perciformes	Percidae	Etheostoma	Etheostoma_nigrum	CACCGCGGTTATACGAGAGGCCCAAGTTGATGGACACCGGCGTAAAGCGTGGTTAAGATTTTTTCAAAACTAAAGCCGAACACCTTCAGGGCTGTTATACGCACCCGAAGGCAAGAAGATCAACCACGAAAGTGGCTTTACAGCCCTGAATCCACGAAAGCTACGACA	GCCGGTAAAACTCGTGCCAGC	CAAACTGGGATTAGATACCCCACTATG
AY341348	54341	Eukaryota	Chordata	Actinopteri	Perciformes	Percidae	Etheostoma	Etheostoma_radiosum	CACCGCGGTTATACGAGAGGCCCAAGTTGATAGACACCGGCGTAAAGCGTGGTTAAGACTTTCCCCAAAACTAAAGCCGAACACCTTCAGAACTGTTATACGCACCCGAAGGCATGAAGACCAACAACGAAAGTGGCTTTACAACCCTGAATCCACGAGAGCTACGATA	GCCGGTAAAACTCGTGCCAGC	CAAACTGGGATTAGATACCCCACTATG
AY372765	255458	Eukaryota	Chordata	Actinopteri	Perciformes	Percidae	Ammocrypta	Ammocrypta_beanii	CACCGCGGTTATACGAGAGGCCCAAGCTGATAGACGCCGGCGTAAAGCGTGGTTAAGATTTTCACCAAACTAAAGCCGAATATCTTCAGAACTGTTATACGCACCCGAAGACTAGAAGCTCGACCACGAAAGTGGCTTTACAATCCTGAACCCACGAAAGCTACGACA	GCCGGTAAAACTCGTGCCAGC	CAAACTGGGATTAGATACCCCACTATG
AY372766	105258	Eukaryota	Chordata	Actinopteri	Perciformes	Percidae	Ammocrypta	Ammocrypta_pellucida	CACCGCGGTTATACGAGAGGCCCGAGTTGATAGACGCCGGCGTAAAGCGTGGTTAGGATTTCTATAAAACTAAAGCCGAACACCCTCAGAGCTGTTATACGCACCCGAAGGCTTGAAGCTCAACCACGAAAGTGGCTTTACAACCCCGAACCCACGAAAGCTAAGACA	GCCGGTAAAACTCGTGCCAGC	CAAACTGGGATTAGATACCCCACTATG
AY372767	54325	Eukaryota	Chordata	Actinopteri	Perciformes	Percidae	Crystallaria	Crystallaria_asprella	CACCGCGGTTATACGAGAGGCCCAAGTTGATAGACATCGGCGTAAAGCGTGGTTAGGACTTTTATTAAACTAAAGCCGAACACCTTCAGAGCTGTTATACGCACCCGAAGGTAAGAAGTTCAACCACGAAAGTGCTTTACAGCCCCGAACCCACGAAAGCTACGACA	GCCGGTAAAACTCGTGCCAGC	CAAACTGGGATTAGATACCCCACTATG
AY372768	163806	Eukaryota	Chordata	Actinopteri	Perciformes	Percidae	Etheostoma	Etheostoma_aquali	CACCGCGGTTATACGAGAGGCCCAAGTTGATAGAGCCCGGCGTAAAGCGTGGTTAAGATTTGTTAAAAATAAAGCCGAACACCTTCAGAGCTGTTATACGCACCCGAAGATGAGAAGTTCAACCACGAAAGTGGCTTTAAGACCTGAACCCACGAGAGCTAAGACA	GCCGGTAAAACTCGTGCCAGC	CAAACTGGGATTAGATACCCCACTATG
AY372769	255460	Eukaryota	Chordata	Actinopteri	Perciformes	Percidae	Etheostoma	Etheostoma_asprigene	CACCGCGGTTATACGAGAGGCCCAAGTCGATAGACACCGGCGTAAAGCGTGGTTAAGATTCTCTTCAAAACTAAAGCCTAACACCTTCAGAGCTGTTATACGCACCCGAAGGTATGAAGACCAACAACGAAAGTGGCTTTATAATTCTGAACCCACGAAAGCTACGACA	GCCGGTAAAACTCGTGCCAGC	CAAACTGGGATTAGATACCCCACTATG
AY372770	255461	Eukaryota	Chordata	Actinopteri	Perciformes	Percidae	Etheostoma	Etheostoma_bellum	CACCGCGGTTATACGAGAGGCCCAAGTTGATAGAGCCCGGCGTAAAGCGTGGTTAAGATTTGTCAAAAAATAAAGCCGAACACCTCCAGAGCTGTTATACGTACCCGAAGGTGAGAAGTTCAACCACGAAAGTGGCTTTAAAGGCCTGAACCCACGAGAGCTAAGACA	GCCGGTAAAACTCGTGCCAGC	CAAACTGGGATTAGATACCCCACTATG
AY372771	54350	Eukaryota	Chordata	Actinopteri	Perciformes	Percidae	Etheostoma	Etheostoma_blennioides	CACCGCGGTTATACGAGAGGCCCAAGTTGATAGACACCGGCGTAAAGCGTGGTTAAGATTTTCACAGAAATAAAGCCGAACACCTTCAGGGCTGTTATACGCACCCGAAGGCAAGAAGATCAACTACGAAGGTGGCTTTACAATCCTGAACCCACGAAAGCTACGACA	GCCGGTAAAACTCGTGCCAGC	CAAACTGGGATTAGATACCCCACTATG
AY372772	255462	Eukaryota	Chordata	Actinopteri	Perciformes	Percidae	Etheostoma	Etheostoma_burri	CACCGCGGTTATACGAGAGGCCCAAGCTGATAGACACCGGCGTAAAGCGTGGTTAAGGTTCCTTTCAAAACTAAAGCCGAACACCTTCAGAACTGTTATACGCACCCGAAGGCATGAAGACCAACAACGAAAGTGGCTTTATAATTCTGAACCCACGAAAGCTACGACA	GCCGGTAAAACTCGTGCCAGC	CAAACTGGGATTAGATACCCCACTATG
AY372773	54319	Eukaryota	Chordata	Actinopteri	Perciformes	Percidae	Etheostoma	Etheostoma_caeruleum	CACCGCGGTTATACGAGAGGCCCAAGCTGATAGACACCGGCGTAAAGCGTGGTTAAGGTTCCTTCCAAAACTAAAGCCGAACACCTTCAGAACTGTTATACGCACCCGAAGGCATGAAGACCAACAACGAAAGTGGCTTTATAATTCTGAACCCACGAAAGCTACGACA	GCCGGTAAAACTCGTGCCAGC	CAAACTGGGATTAGATACCCCACTATG
AY372774	54351	Eukaryota	Chordata	Actinopteri	Perciformes	Percidae	Etheostoma	Etheostoma_camurum	CACCGCGGTTATACGAGAGGCCCAAGTTGATAGAGCCCCGCGTAAAGCGTGGTTAAGATTTGTCAAAAAATAAAGCCGAACACCTTCAGAGCTGTTATACGTACCCGAAGGTGAGAAGTTCAACCACGAAAGTGGCTTTAAGGCCTGAACCCACGAGAGCTAAGACA	GCCGGTAAAACTCGTGCCAGC	CAAACTGGGATTAGATACCCCACTATG
AY372775	54320	Eukaryota	Chordata	Actinopteri	Perciformes	Percidae	Etheostoma	Etheostoma_chlorosomum	CACCGCGGTTATACGAGAGGCCCAAGTTGATAGATGCCGGCGTAAAGCGTGGTTAAGATTTTTATAAGACTAAAGCCAAACACCTTCAGAGCTGTTATACGCACCCGAAGACTAGAAGACCAACCACGAAAGTGGCTTTACAAGACTGAACCCACGAAAGCTATGACA	GCCGGTAAAACTCGTGCCAGC	CAAACTGGGATTAGATACCCCACTATG
AY372776	54321	Eukaryota	Chordata	Actinopteri	Perciformes	Percidae	Etheostoma	Etheostoma_cinereum	CACCGCGGTTATACGAGAGGCCCAAGTGGATAGACACCGGCGTAAAGCGTGGTTAAGATTTTTTCAAAACTAAAGCCGAACACCTTCAGGGCTGTTATACGCACCCGAAGGCAAGAAGATCAACCACGAAAGTGCTTTACAGCCCTGAACCCACGAAAGCTACGACA	GCCGGTAAAACTCGTGCCAGC	CAAACTGGGATTAGATACCCCACTATG
AY372777	162964	Eukaryota	Chordata	Actinopteri	Perciformes	Percidae	Etheostoma	Etheostoma_coosae	CACCGCGGTTATACGAGAGGCCCAAGTTGATAGACATCGGCGTAAAGCGTGGTTAAGCTTCTTATAGAACTAAAGCCAAACACCTTCAGAGCTGTTATACGCACCCGAAGACAAGAAGACCATCTACGAAAGTGGCTTTAAGACCCTGAACCCACGAAAGCTGCGACA	GCCGGTAAAACTCGTGCCAGC	CAAACTGGGATTAGATACCCCACTATG
AY372778	54326	Eukaryota	Chordata	Actinopteri	Perciformes	Percidae	Etheostoma	Etheostoma_edwini	CACCGCGGTTATACGAGAGGCCCAAGCTGATAGACGCCGGCGTAAAGCGTGGTTAAGATTTTTTACAATTAAAGCCGAACACCTTCAAAGCTGTTATACGCACCCGAAGGTGAGAAGATCAATTACGAAAGTGGCCTTATAGCCCTGAACCCACGAAAGCTACGACA	GCCGGTAAAACTCGTGCCAGC	CAAACTGGGATTAGATACCCCACTATG
AY372779	54331	Eukaryota	Chordata	Actinopteri	Perciformes	Percidae	Etheostoma	Etheostoma_gracile	CACCGCGGTTATACGAGAGGCCCAAGCTGATAGACAACGGCGTAAAGAGTGGTTAAGAACTTTATATAACTAAAGCCGAACACCTTCAAAGCTGTTATACGCACCCGAAGATAAGAAGATCAACCACGAAAGTGGCTTTATAGCCCTGAACCCACGAAAGCTACGACA	GCCGGTAAAACTCGTGCCAGC	CAAACTGGGATTAGATACCCCACTATG
AY372780	77136	Eukaryota	Chordata	Actinopteri	Perciformes	Percidae	Etheostoma	Etheostoma_kennicotti	CACCGCGGTTATACGAGGGGCCCAAGCTGATAGAAGCCGGCGTAAAGCGTGGTTAAGATCATAACAAAACTAAAGCCGAATATCTCCAGAGCTGTTATACGCACCCGGAGGCAAGAAGACCAACCACGAAAGTGGCTTTACAATCCTGAACCCACGAAAGCTACGACA	GCCGGTAAAACTCGTGCCAGC	CAAACTGGGATTAGATACCCCACTATG
AY372781	54337	Eukaryota	Chordata	Actinopteri	Perciformes	Percidae	Etheostoma	Etheostoma_nigrum	CACCGCGGTTATACGAGAGGCCCAAGTTGATAGACACCGGCGTAAAGCGTGGTTAAGATTTTTTCAAAACTAAAGCCGAACACCTTCAAGGCTGTTATACGCACCCGAAGGCAAGAAGATCAACCACGAAAGTGCTTTACAGCCCTGAATCCACGAAAGCTACGACA	GCCGGTAAAACTCGTGCCAGC	CAAACTGGGATTAGATACCCCACTATG
AY372782	91961	Eukaryota	Chordata	Actinopteri	Perciformes	Percidae	Etheostoma	Etheostoma_oophylax	CACCGCGGTTATACGAGAGGCCCAAGTTGATAGCCACCGGCGTAAAGCGTGGTTAAGATTTCAACAAAACTAAAGCCGAACACCTTCAGAACTGTTATACGCACCCGAAGGCAAGAAGATCAACCACGAAAGTGGCTTTATAACCCTGAATCCACGGAAGCTACGACA	GCCGGTAAAACTCGTGCCAGC	CAAACTGGGATTAGATACCCCACTATG
AY372783	54339	Eukaryota	Chordata	Actinopteri	Perciformes	Percidae	Etheostoma	Etheostoma_parvipinne	CACCGCGGTTATACGAGAGGCCCAAGCTGATAGACATCGGCGTAAAGCGTGGTTAAGATTTTTACATAATTAAAGCCGAACACCTTCAGAGCTGTTATACGCACCCGAAGGTAAGAAGACCAATCACGAAAGTGGCTTTATAATCCTGAACCCACGAAAGCTACGACA	GCCGGTAAAACTCGTGCCAGC	CAAACTGGGATTAGATACCCCACTATG
AY372784	255464	Eukaryota	Chordata	Actinopteri	Perciformes	Percidae	Etheostoma	Etheostoma_proeliare	CACCGCGGTTATACGAGAGGCCCAAGTTGATATACAACGGCGTAAAGCGTGGTTAAGATTTTTATACAACTAGAGCCGAACACCTTCAGAGCTGTTATACGCACCCGAAGACAAGAAGACCAATCACGAAAGTGGCTTTACAATCCTGAACCCACGAAAGCTAAGACA	GCCGGTAAAACTCGTGCCAGC	CAAACTGGGATTAGATACCCCACTATG
AY372785	255465	Eukaryota	Chordata	Actinopteri	Perciformes	Percidae	Etheostoma	Etheostoma_punctulatum	CACCGCGGTTATACGAGAGGCCCAAGTTGATATATGCCGGCGTAAAGCGTGGTTAAGATTTTTATACAACTAAAGCCGAACACCTTCAGAACTGTTATACGTACCCGAAGGCAAGAAGATCAACCACGAAAGTGGCTTTACCATCCTGAACCCACGAAAGCTACGACA	GCCGGTAAAACTCGTGCCAGC	CAAACTGGGATTAGATACCCCACTATG
AY372786	162972	Eukaryota	Chordata	Actinopteri	Perciformes	Percidae	Etheostoma	Etheostoma_rafinesquei	CACCGCGGTTATACGAGAGGCCCAAGTTGATAGACATCGGCGTAAAGCGTGGTTAAGATTTTTACAAGACTAAAGCCGAACACCCTCAGAGCCGTTATACGCACCCGAAGGTAAGAAGACCAACCACGAAAGTGGCTTTATAACCCTGAACCCACGAAAGCTACGACA	GCCGGTAAAACTCGTGCCAGC	CAAACTGGGATTAGATACCCCACTATG
AY372787	157889	Eukaryota	Chordata	Actinopteri	Perciformes	Percidae	Etheostoma	Etheostoma_rufilineatum	CACCGCGGTTATACGAGAGGCCCAAGTTGATAGAGCCCGGCGTAAAGCGTGGTTAAGATTGTTATGAAATAAAGCCGAACACCCTCAGAGCTGTTATACGCACCCGATGGTGAGAAGTTCAACCACGAAAGTGGCTTTAAAACCTGAACCCACGAGAGCTACGACA	GCCGGTAAAACTCGTGCCAGC	CAAACTGGGATTAGATACCCCACTATG
AY372788	54342	Eukaryota	Chordata	Actinopteri	Perciformes	Percidae	Etheostoma	Etheostoma_sagitta	CACCGCGGTTATACGAGAGGCCCAAGTTGATAGACACCGGCGTAAAGCGTGGTTAAGACTTTTACAGAACTAAAGCCGAACACCTTCAGAGCCGTTATACGCACCCGAAGGCAAGAAGACCAACCACGAAAGTGGCTTTACAACCCTGAACCCACGAAAGCTGCGGCA	GCCGGTAAAACTCGTGCCAGC	CAAACTGGGATTAGATACCCCACTATG
AY372789	91964	Eukaryota	Chordata	Actinopteri	Perciformes	Percidae	Etheostoma	Etheostoma_smithi	TACCGCGGTTATACGAGAGGCCCAAGCTGATAGAGACCGGCGTAAAGCGTGGTTAAGAATTATAATAGAACTAAAGCGGAATACCTCCAGAGCTGTTATACGCACCCGGAAGCAAGAAAACCAACCACGAAAGTGGCTTTACAACCCTGAACCCACGAAAGCTACGACA	GCCGGTAAAACTCGTGCCAGC	CAAACTGGGATTAGATACCCCACTATG
AY372790	54343	Eukaryota	Chordata	Actinopteri	Perciformes	Percidae	Etheostoma	Etheostoma_spectabile	CACCGCGGTTATACGAGAGGCCCAAGTTGATATATGCCGGCGTAAAGCGTGGTTAAGATTTTTATGCAACTAAAGCCAAACACCTTCAAAGCTGTTATACGCACCCGAAGATAAGAGGATCAATCACGAAAGTGGCTTTACTATCCTGAACCCACGAAAGCTACGACA	GCCGGTAAAACTCGTGCCAGC	CAAACTGGGATTAGATACCCCACTATG
AY372791	54344	Eukaryota	Chordata	Actinopteri	Perciformes	Percidae	Etheostoma	Etheostoma_stigmaeum	CACCGCGGTTATACGAGAGACCCAAGTTGATAGATGCCGGCGTAAAGCGTGGTTAAGATTCTTACAATACTAAGGCCGAACACCTTCAGAGCTGTTATACGCACCCGAAGGTTAGAAGACCACCCACGAAAGTGGCTTTACAACGCTGAACCCACGAAAGCTACGACA	GCCGGTTAAACTCGTGCCAGC	CAAACTGGGATTAGATACCCCACTATG
AY372792	54347	Eukaryota	Chordata	Actinopteri	Perciformes	Percidae	Etheostoma	Etheostoma_tuscumbia	CACCGCGGTTATACGAGAGGCCCAAGTTGATAGACACCGGCGTAAAGCGTGGTTAAGATTCTTGCAAAACTAAAGCCGAACACCTTCGGAGCTGTTACACGCACCCGGAGGCATGAAGACCAACCACGAAAGTGGCTTTACAACCCTGAACCCACGAAAGCTACGACA	GCCGGTAAAACTCGTGCCAGC	CAAACTGGGATTAGATACCCCACTATG
AY372793	162982	Eukaryota	Chordata	Actinopteri	Perciformes	Percidae	Etheostoma	Etheostoma_variatum	CACCGCGGTTATACGAGAGGCCCAAGTTGATAGACACCGGCGTAAAGCGTGGTTAAGACTTTCATAAAACTAAAGCCGAACACCTTCAGGGCCGTTATACGCACCCGAAGGCAAGAAGACCAACCACGAAAGTGGCTTTACAACCCTGAACCCACGAAAGCTACGACA	GCCGGTAAAACTCGTGCCAGC	CAAACTGGGATTAGATACCCCACTATG
AY372794	54348	Eukaryota	Chordata	Actinopteri	Perciformes	Percidae	Etheostoma	Etheostoma_vitreum	CACCGCGGTTATACGAGAGGCCCAAGTGGATAGACACCGGCGTAAAGCGTGGTTAAGATTTTTTCAAAACTAAAGCCGAACACCTTCAGGGCTGTTATACGCACCCGAAGGCAAGAAGATCAACCACGAAAGTGCTTTACAGCCCTGAACCCACGAAAGCTACGACA	GCCGGTAAAACTCGTGCCAGC	CAAACTGGGATTAGATACCCCACTATG
AY372795	67776	Eukaryota	Chordata	Actinopteri	Perciformes	Percidae	Gymnocephalus	Gymnocephalus_baloni	CACCGCGGTTATACGAGAGGCCCAAACTGATAGATATCGGCGTAAAGCGTGGTTAAGATTTTAATATTAACTAAAGCCGAACACCTTCAAAGCTGTTATACGCACCCGAAGGTAAGAAGTTCAACCACGAAAGTGGCTTTATAACCCTGAACCCACGAAAGCTACGACA	GCCGGTAAAACTCGTGCCAGC	CAAACTGGGATTAGATACCCCACTATG
AY372796	163808	Eukaryota	Chordata	Actinopteri	Perciformes	Percidae	Percina	Percina_aurantiaca	CACCGCGGTTATACGAGAGGCCCAAATTGATAATTACCGGCGTAAAGCGTGGTTAAGATTTTTATAGAACTAAAGCCGAACCCCTTCAGAGCTGTTATACGCACCCGAAGGTAAGAAGTTCAACCACGAAAGTGCTTTACAGCCCTGAACCCACGAAAGCCAGGATA	GCCGGTAAAACTCGTGCCAGC	CAAACTGGGATTAGATACCCCACTATG
AY372797	54317	Eukaryota	Chordata	Actinopteri	Perciformes	Percidae	Percina	Percina_caprodes	CACCGCGGTTATACGAGAGGCCCAAGTTGATAATTACCGGCGTAAAGCGTGGTTAAGATTTTTATAGAACTAAAGCCGAACCCCTTCAGAGCTGTTATACGCACCCGAAGGTAAGAAGTTCAACCACGAAAGTGCTTTACAGCCCCGAACCCACGAAAGCTAAGATA	GCCGGTAAAACTCGTGCCAGC	CAAACTGGGATTAGATACCCCACTATG
AY372798	54323	Eukaryota	Chordata	Actinopteri	Perciformes	Percidae	Percina	Percina_copelandi	CACCGCGGTTATACGAGAGGCCCAAGTTGATAATTACCGGCGTAAAGCGTGGTTAAGATTTTTATAGAACTAAAGCCGAACCCCTTCAGAGCTGTTATACGCACCCGAAGGTAAGAAGTTCAACCACGAAAGTGCTTTACAGCCCCGAACCCACGAAAGCTAAGATA	GCCGGTAAAACTCGTGCCAGC	CAAACTGGGATTAGATACCCCACTATG
AY372799	54328	Eukaryota	Chordata	Actinopteri	Perciformes	Percidae	Percina	Percina_evides	CACCGCGGTTATACGAGAGGCCCAAGTTGATAATTACCGGCGTAAAGCGTGGTTAAGATTCTTATAGAACTAAAGCCGAACCCCTTCAGAGCTGTTATACGCACCCGAAGGTAAGAAGTTCAACCACGAAAGTGCTTTACAGCCCCGAACCCACGAAAGCTAAGACA	GCCGGTAAAACTCGTGCCAGC	CAAACCGGGATTAGATACCCCACTATG
AY372800	163821	Eukaryota	Chordata	Actinopteri	Perciformes	Percidae	Percina	Percina_macrocephala	CACCGCGGTTATACGAGAGGCCCAAGTTGATAATTGCCGGCGTAAAGCGTGGTTAAGATTTTTATTAAAATAAAGCCGAACCCCTTCAGAGCTGTTATACGCACCCGAAGATAAGAAGTTCAACCACGAAAGTGCTTTACAGCCCCGAACCCACGAAAGCTAAGATA	GCCGGTAAAACTCGTGCCAGC	CAAACTGGGATTAGATACCCCACTATG
AY372801	57866	Eukaryota	Chordata	Actinopteri	Perciformes	Percidae	Percina	Percina_maculata	CACCGCGGTTATACGAGAGGCCCAAGTTGATAATTACCGGCGTAAGGCGTGGTTAAGATTTTTATACATCTAAAGCCGGACCCCTTCAGAGCTGTTATACGCTCCCGAAGATAAGAAGTTCAACCACGAAAGTGCTTTACAGCCCCGAACCCACGAAAGCTAAGATA	GCCGGTAAAACTCGTGCCAGC	CAAACTGGGATTAGATACCCCACTATG
AY372802	163825	Eukaryota	Chordata	Actinopteri	Perciformes	Percidae	Percina	Percina_nigrofasciata	CACCGCGGTTATACGAGAGACCCAAGTTGATAATCATCGGCGTAAAGCGTGGTTAAGAATTTATAGAACTAAAGCCGAACCCCTTCAGAGCTGTTATACGCACCCGAAGGTAAGAAGTTCAATCACGAAAGTGGCTTTACAACCCCGAACCCACGAAAGCTAAGATA	GCCGGTAAAACTCGTGCCAGC	CAAACTGGGATTAGATACCCCACTATG
AY372803	255466	Eukaryota	Chordata	Actinopteri	Perciformes	Percidae	Percina	Percina_ouachitae	CACCGCGGTTATACGAGAGGCCCAAGTTGATAATTACCGGCGTAAAGCGTGGTTAAGATTTTTATAGAACTAAAGCCGAACCCCCTCAGAGCTGTTATACGCACCCGAAGGTAAGAAGTTCAACCACGAAAGTGGCTTTACAACCCCGAACCCACGAAAGCTAAGATA	GCCGGTAAAACTCGTGCCAGC	CAAACTGGGATTAGATACCCCACTATG
AY372804	163827	Eukaryota	Chordata	Actinopteri	Perciformes	Percidae	Percina	Percina_oxyrhynchus	CACCGCGGTTATACGAGAGGCCCAAGTTGATAATTACCGGCGTAAAGCGTGGTTAAGATTTTTATATAACTAAAGCCGAACCCCCTCAGAGCTGTTATACGCACCCGAAGGTAAGAAGTTCAACCACGAAAGTGGCTTTACAACCCCCGAACCCACGAAAGCTAAGACA	GCCGGTAAAACTCGTGCCAGC	CAAACTGGGATTAGATACCCCACTATG
AY372805	54340	Eukaryota	Chordata	Actinopteri	Perciformes	Percidae	Percina	Percina_phoxocephala	CACCGCGGTTATACGAGAGGCCCAAGTTGATAATTACCGGCGTAAAGCGTGGTTAAGATTTTTACATAACTAAAGCCGAACCCCCTCAGAGCTGTTATACGCACCCGAAGGTAAGAAGTTCAACCACGAAAGTGGCCTTACAGCCCCGAACCCACGAAAGCTAAGATA	GCCGGTAAAACTCGTGCCAGC	CAAACTGGGATTAGATACCCCACTATG
AY372806	77138	Eukaryota	Chordata	Actinopteri	Perciformes	Percidae	Percina	Percina_stictogaster	CACCGCGGTTATACGTGAGGCCCAAGTTGATAATTACCGGCGTAAAGTGTGGTTAAGATTCTTATAGAACTAAAGCCGAACCCCTTCAGAGCTGTTATACGCACCCGAAGGTAAGAAGTTCAACCACGAAAGTGCTTTACAGCCCCGAACCCACGAAAGCTAAGACA	GCCGGTAAAACTCGTGCCAGC	CAAACTGGGATTAGATACCCCACTATG
AY372809	62729	Eukaryota	Chordata	Actinopteri	Perciformes	Percidae	Sander	Sander_volgensis	CACCGCGGTTATACGAGAGGCCCGAGTTGATAGACATCGGCGTAAAGCGTGGTTAAGACAAGAACAAAACTAAAGCCGAACACCTTCAGAGCTGTTATACGTACCCGAAGATAAGAAGTTCAACCACGAAAGTGGCTTTATTCCCCCTGAACCCACGAAAGCTACGATA	GCCGGTAAAACTCGTGCCAGC	CAAACTGGGATTAGATACCCCACTATG
KC663435	283034	Eukaryota	Chordata	Actinopteri	Perciformes	Percidae	Sander	Sander_canadensis	CACCGCGGTTATACGAGAGGCCCAAGTTGATAGACATCGGCGTAAAGCGTGGTTAAGACAAAAACAAAACTAAAGCCGAACACCTTCAGAGCTGTTATACGCACCCGAAGGTAAGAAGTTCAACCACGAAAGTGGCTTTATTACCCCTGAACCCACGAAAGCTACGATA	GCCGGTAAAACTCGTGCCAGC	CAAACTGGGATTAGATACCCCACTATG
MT667248	57865	Eukaryota	Chordata	Actinopteri	Perciformes	Percidae	Gymnocephalus	Gymnocephalus_cernua	CACCGCGGTTATACGAGAGGCCCAAGCTGATAGATATCGGCGTAAAGCGTGGTTAAGATCTTAATATAAACTAAAGCCGAACACCTTCAAAGCTGTTATACGCACCCGAAGGTAAGAAGTTCAACCACGAAAGTGGCTTTATAACCCCTGAACCCACGAAAGCTACGACA	GCCGGTAAAACTCGTGCCAGC	CAAACTGGGATTAGATACCCCACTATG
MW300324	641303	Eukaryota	Chordata	Actinopteri	Perciformes	Percidae	Etheostoma	Etheostoma_fonticola	CACCGCGGTTATACGAGAGGCCCAAGTTGATATATAACGGCGTAAAGCGTGGTTAAGATTTTTATACAACTAAAGCCGAACACCTTCAGAGCTGTTATACGCACCCGAAGACAAGAAGACCAATCACGAAAGTGGCTTTACTGTCCTGAGCCCACGAAAGCTAAGACA	GCCGGTAAAACTCGTGCCAGC	CAAACTGGGATTAGATACCCCACTATG
MW856837	511794	Eukaryota	Chordata	Actinopteri	Perciformes	Percidae	Percina	Percina_bimaculata	CACCGCGGTTATACGAGAGGCCCAAGTTGATAATTACCGGCGTAAAGCGTGGTTAAGATTTTTATAGAACTAAAGCCGAACCCCTTCAGAGCTGTTATACGCACCCGAAGGTAAGAAGTTCAACCACGAAAGTGGCTTTACAGCCCCGAACCCACGAAAGCTAAGATA	GCCGGTAAAACTCGTGCCAGC	CAAACTGGGATTAGATACCCCACTATG
MW856839	54319	Eukaryota	Chordata	Actinopteri	Perciformes	Percidae	Etheostoma	Etheostoma_caeruleum	CACCGCGGTTATACGAGAGGCCCAAGCTGATAGACACCGGCGTAAAGCGTGGTTAAGGTTCCTTCCAAGACTAAAGCCGAACACCTTCAGAACTGTTATACGCACCCGAAGGTATGAAGACCAACAACGAAAGTGGCTTTATAATTCTGAACCCACGAAAGCTACGACA	GCCGGTAAAACTCGTGCCAGC	CAAACTGGGATTAGATACCCCACTATG
MW856842	54351	Eukaryota	Chordata	Actinopteri	Perciformes	Percidae	Etheostoma	Etheostoma_camurum	CACCGCGGTTATACGAGAGGCCCAAGTTGATAGAGCCCGGCGTAAAGCGTGGTTAAGATTTGTCAAAAAATAAAGCCGAACACCTTCAGAGCTGTTATACGTACCCGAAGGTGAGAAGTTCAACCACGAAAGTGGCTTTAAGGCCTGAACCCACGAGAGCTAAGACA	GCCGGTAAAACTCGTGCCAGC	CAAACTGGGATTAGATACCCCACTATG
MW856844	54350	Eukaryota	Chordata	Actinopteri	Perciformes	Percidae	Etheostoma	Etheostoma_blennioides	CACCGCGGTTATACGAGAGGCCCAAGTTGATAGACACCGGCGTAAAGCGTGGTTAAGATTTGTACAAAATAAAGCCGAACACCTTCAGGGCTGTTATACGCACCCGAAGGCAAGAAGATCAACTACGAAAGTGGCTTTACAATCCTGAACCCACGAAAGCTACGACA	GCCGGTAAAACTCGTGCCAGC	CAAACTGGGATTAGATACCCCACTATG
MW856845	54353	Eukaryota	Chordata	Actinopteri	Perciformes	Percidae	Etheostoma	Etheostoma_zonale	CACCGCGGTTATACGAGAGGCCCAAGCTGATAGATACCGGCGTAAAGCGTGGTTAAGATTTTTATAAAACTAAAGCCGAACACCCTCAGAGCTGTTATACGCACCCGAGGGCAAGAAGACCAACCACGAAAGTGGCTTTACAACGCTGAACCCACGAAAGCTATGATA	GCCGGTAAAACTCGTGCCAGC	CAAACTGGGATTAGATACCCCACTATG
MW856846	158200	Eukaryota	Chordata	Actinopteri	Perciformes	Percidae	Etheostoma	Etheostoma_tippecanoe	CACCGCGGTTATACGAGAGGCCCAAGTTGATAGAGCCCGGCGTAAAGCGTGGTTAAGATTGTTGTAAAATAAAGCCGAACACCCTCAGAGCTGTTATACGCACCCGAGGATAAGAAGTTCAACCACGAAAGTGGCTTTAAAGACTGAACCCACGAGAGCTAAGACA	GCCGGTAAAACTCGTGCCAGC	CAAACTGGGATTAGATACCCCACTATG
MW856848	54328	Eukaryota	Chordata	Actinopteri	Perciformes	Percidae	Percina	Percina_evides	CACCGCGGTTATACGAGAGGCCCAAGTTGATAATTACCGGCGTAAAGCGTGGTTAAGATTCTTATAGAACTAAAGCCGAACCCCTTCAGAGCTGTTATACGCACCCGAAGGTAAGAAGTTCAACCACGAAAGTGGCTTTACAGCCCCGAACCCACGAAAGCTAAGACA	GCCGGTAAAACTCGTGCCAGC	CAAACTGGGATTAGATACCCCACTATG
MW856849	163821	Eukaryota	Chordata	Actinopteri	Perciformes	Percidae	Percina	Percina_macrocephala	CACCGCGGTTATACGAGAGGCCCAAGTTGATAATTGCCGGCGTAAAGCGTGGTTAAGATTTTTATTAAAATAAAGCCGAACCCCTTCAGAGCTGTTATACGCACCCGAAGATAAGAAGTTCAACCACGAAAGTGGCTTTACAGCCCCGAACCCACGAAAGCTAAGATA	GCCGGTAAAACTCGTGCCAGC	CAAACTGGGATTAGATACCCCACTATG
MW856850	54323	Eukaryota	Chordata	Actinopteri	Perciformes	Percidae	Percina	Percina_copelandi	CACCGCGGTTATACGAGAGGCCCAAGTTGATAATTACCGGCGTAAAGCGTGGTTAAGATTTTTATAGAACTAAAGCCGAACCCCTTCAGAGCTGTTATACGCACCCGAAGGTAAGAAGTTCAACCACGAAAGTGGCTTTACAGCCCCGAACCCACGAAAGCTAAGATA	GCCGGTAAAACTCGTGCCAGC	CAAACTGGGATTAGATACCCCACTATG
MW856851	163821	Eukaryota	Chordata	Actinopteri	Perciformes	Percidae	Percina	Percina_macrocephala	CACCGCGGTTATACGGGAGGCCCAAGTTGATAATTGCCGGCGTAAAGCGTGGTTAAGATTTTTATTAAAATAAAGCCGAACCCCTTCAGAGCTGTTATACGCACCCGAAGATAAGAAGTTCAACCACGAAAGTGGCTTTACAGCCCCGAACCCACGAAAGCTAAGATA	GCCGGTAAAACTCGTGCCAGC	CAAACTGGGATTAGATACCCCACTATG
MW856860	163823	Eukaryota	Chordata	Actinopteri	Perciformes	Percidae	Percina	Percina_peltata	CACCGCGGTTATACGAGAGGCCCAAGTTGATAATTGCCGGCGTAAAGCGTGGTTAAGATTGTTACTAAACTAAAGCCGAACCCCTTCAGAGCTGTTATACGCACCCGAAGGCAAGAAGTTCAACCACGAAGGTGGCTTTATGGCTCCGAACCCACGAAAGCTAAGACA	GCCGGTAAAACTCGTGCCAGC	CAAACTGGGATTAGATACCCCACTATG
MW856862	54350	Eukaryota	Chordata	Actinopteri	Perciformes	Percidae	Etheostoma	Etheostoma_blennioides	CACCGCGGTTATACGAGAGGCCCAAGTTGATAGACACCGGCGTAAAGCGTGGTTAAGATTTGTACAAAATAAAGCCGAACACCTTCAGGGCTGTTATACGCACCCGAAGGCAAGAAGATCAACTACGAAAGTGGCTTTACAATCCTGAGCCCACGAAAGCTACGACA	GCCGGTAAAACTCGTGCCAGC	CAAACTGGGATTAGATACCCCACTATG
MW856870	163831	Eukaryota	Chordata	Actinopteri	Perciformes	Percidae	Percina	Percina_roanoka	CACCGCGGTTATACGAGAGGCCCAAGTTGATAATCACCGGCGTAAAGCGTGGTTAAGATAAATGTAAAACTAAAGCCGAACCCCTTCAGAGCTGTTATACGCACCCGAAGGCAAGAAGTTCAACCACGAAAGTGGCTTTATAACCCCGAACCCACGAAAGCTAGGACA	GCCGGTAAAACTCGTGCCAGC	CAAACTGGGATTAGATACCCCACTATG
MW856872	328269	Eukaryota	Chordata	Actinopteri	Perciformes	Percidae	Etheostoma	Etheostoma_osburni	CACCGCGGTTATACGAGAGGCCCAAGTTGATAGACACCGGCGTAAAGCGTGGTTAAGACTTTCACAAAACTAAAGCCGAACACCTTCAGGGCCGTTATACGCACCCGAAGGCAAGAAGACCAACCACGAAAGTGGCTTTACAACTCTGAACCCACGAAAGCTACGACA	GCCGGTAAAACTCGTGCCAGC	CAAACTGGGATTAGATACCCCACTATG
MW856875	54317	Eukaryota	Chordata	Actinopteri	Perciformes	Percidae	Percina	Percina_caprodes	CACCGCGGTTATACGAGAGGCCCAAGTTGATAATTACCGGCGTAAAGCGTGGTTAAGATTTTTATAGAACTAAAGCCGAACCCCTTCAGAGCTGTTATACGCACCCGAAGGTAAGAAGTTCAACCACGAAAGTGGCTTTACAGCCCCGAACCCACGAAAGCTAAGATA	GCCGGTAAAACTCGTGCCAGC	CAAACTGGGATTAGATACCCCACTATG
MW856877	54337	Eukaryota	Chordata	Actinopteri	Perciformes	Percidae	Etheostoma	Etheostoma_nigrum	CACCGCGGTTATACGAGAGACCCAAGTTGATAGACACCGGCGTAAAGCGTGGTTAAGATTTTTTCAAAAATAAAGCCGAACACCTTCAGGGCTGTTATACGCACCCGAAGGCAAGAAGATCAACCACGAAAGTGGCTTTACAGCCCTGAATCCACGAAAGCTACGACA	GCCGGTAAAACTCGTGCCAGC	CAAACTGGGATTAGATACCCCACTATG
MW856907	417934	Eukaryota	Chordata	Actinopteri	Perciformes	Percidae	Etheostoma	Etheostoma_olmstedi	CACCGCGGTTATACGAGAGGCCCAAGTTGATAGACACCGGCGTAAAGCGTGGTTAAGATTTTTTTTTAAAACTAAAGCCGAACACCTTCAGGGCTGTTATACGCACCCGAAGGCAAGAAGATCAATCACGAAAGTGGCTTTACAACCCTGAACCCACGAAAGCTACGACA	GCCGGTAAAACTCGTGCCAGC	CAAACTGGGATTAGATACCCCACTATG
MW856913	417934	Eukaryota	Chordata	Actinopteri	Perciformes	Percidae	Etheostoma	Etheostoma_olmstedi	CACCGCGGTTATACGAGAGGCCCAAGTTGATAGACACCGGCGTAAAGCGTGGTTAAGATTTTTTTCAAAACTAAAGCCGAACACCTTCAGGGCTGTTATACGCACCCGAAGGCAAGAAGATCAATCACGAAAGTGGCTTTACAACCCTGAACCCACGAAAGCTACGACA	GCCGGTAAAACTCGTGCCAGC	CAAACTGGGATTAGATACCCCACTATG
ON860607	255462	Eukaryota	Chordata	Actinopteri	Perciformes	Percidae	Etheostoma	Etheostoma_burri	CACCGCGGTTATACGAGAGGCCCAAGTTGATATATGCCGGCGTAAAGCGTGGTTAAGATTCATATGCAACTAAAGCCAAACACCTTCAAAGCTGTTATACGCACCCGAAGATAAGAGGATCAATCACGAAAGTGGCTTTACTATCCTGAACCCACGAAAGCTACGACA	GCCGGTAAAACTCGTGCCAGC	CAAACTGGGATTAGATACCCCACTATG
OP326604	2827212	Eukaryota	Chordata	Actinopteri	Perciformes	Percidae	Percina	Percina_freemanorum	CACCGCGGTTATACGAGAGGCCCAAGTTGATAATTACCGGCGTAAAGCGTGGTTAAGATTTTTATTAAACTAAAGCCGAACCCCTTCAGAGCTGTTATACGCACCCGAAGGTAAGAAGTTCAACCACGAAAGTGGCTTTACAACCCTGAACCCACGAAAGCTAAGGTA	GCCGGTAAAACTCGTGCCAGC	CAAACTGGGATTAGATACCCCACTATG
OM736854	163823	Eukaryota	Chordata	Actinopteri	Perciformes	Percidae	Percina	Percina_peltata	CACCGCGGTTATACGAGAGGCCCAAGTTGATAATTGCCGGCGTAAAGCGTGGTTAAGATTGTTACTAAACTAAAGCCGAACCCCTTCAGAGCTGTTATACGCACCCGAAGGCAAGAAGTTCAACCACGAAGGTGGCTTTATGACTCCGAACCCACGAAAGCTAAGACA	GCCGGTAAAACTCGTGCCAGC	CAAACTGGGATTAGATACCCCACTATG
OQ615258	163810	Eukaryota	Chordata	Actinopteri	Perciformes	Percidae	Percina	Percina_aurora	CACCGCGGTTATACGAGAGGCCCAAGTTGATAATTACCGGCGTAAAGCGTGGTTAAGATTTTAATAGAACTAAAGCCGAACCCCTTCAAAGCTGTTATACGCACCCGAAGGTAAGAAGTTCAACCACGAAAGTGGCTTTACAGCCCCGAACCCACGAAAGCTAAGATA	GCCGGTAAAACTCGTGCCAGC	CAAACTGGGATTAGATACCCCACTATG
