KY250421	173242	Eukaryota	Chordata	Actinopteri	Salmoniformes	Salmonidae	Oncorhynchus	Oncorhynchus_masou	CACCGCGGTTATACGAGAGGCCCTAGTTGATAACTACCGGCGTAAAGAGTGGTTATGGAAGATACTTGATAAAGCCGAACACTCCCTCAGCCGTCATACGCACCTGGAAGCACGAAGACCTACTGCGAAAGCAGCTTTAATTATGCCTGACCCCACGACAGCTAAGAAA	GCCGGTAAAACTCGTGCCAGC	CAAACTGGGATTAGATACCCCACTATG
KY320492	8018	Eukaryota	Chordata	Actinopteri	Salmoniformes	Salmonidae	Oncorhynchus	Oncorhynchus_keta	CACCGCGGTTATACGAGAGGCCCTAGTTGATAACTACCGGCGTAAAGAGTGGTTATGGAAAATATTTAATAAAGCCGAACACCCCCTCAGCCGTCATACGCACCTGGGAGCACGAAGACCTACCGCGAAAGCAGCTTTAATTATGCCTGACCCCACGACAGCTAAGAAA	GCCGGTAAAACTCGTGCCAGC	CAAACTGGGATTAGATACCCCACTATG
KY798500	8022	Eukaryota	Chordata	Actinopteri	Salmoniformes	Salmonidae	Oncorhynchus	Oncorhynchus_mykiss	CACCGCGGTTATACGAGAGGCCCTAGTTGATAACTACCGGCGTAAAGAGTGGTTATGGAAAAATATTTAATAAAGCCGAACACCCCCTCAGCCGTCATACGCACCTGGGAGCACGAAGACCTACTGCGAAAGCAGCTTTAACTATGCCTGACCCCACGACAGCTAAGAAA	GCCGGTAAAACTCGTGCCAGC	CAAACTGGGATTAGATACCCCACTATG
KY798501	8032	Eukaryota	Chordata	Actinopteri	Salmoniformes	Salmonidae	Salmo	Salmo_trutta	CACCGCGGTTATACGAGAGACCCTAGTTGATAACTACCGGCGTAAAGAGTGGTTACGGAAAAATATTCAATAAAGCCGAACACCCCCTCAGCCGTCATACGCACCTGGGGGCACGAAGATCTACTGCGAAAGCAGCTTTAATTATGCCTGAACCCACGACAGCTACGACA	GCCGGTAAAACTCGTGCCAGC	CAAACTGGGATTAGATACCCCACTATG
KY798502	8030	Eukaryota	Chordata	Actinopteri	Salmoniformes	Salmonidae	Salmo	Salmo_salar	CACCGCGGTTATACGAGAGGCCCTAGTTGATAACTACCGGCGTAAAGAGTGGTTACGGAAAAATATTTAATAAAGCCGAACACCCCCTCAGCCGTCATACGCACCTGGGGGCACGAAGATCTACTACGAAAGCAGCTTTAATTATACCTGAACCCACGACAGCTACGACA	GCCGGTAAAACTCGTGCCAGC	CAAACTGGGATTAGATACCCCACTATG
KY798503	8038	Eukaryota	Chordata	Actinopteri	Salmoniformes	Salmonidae	Salvelinus	Salvelinus_fontinalis	CACCGCGGTTATACGAGAGGCCCTAGTTGATAAATACCGGCGTAAAGAGTGGTTACGAAAAAATGTTTAATAAAGCCGAACACCCCCTCAGCCGTCATACGCACCTGGAGGCACGAAGACCTACTGCGAAAGCAGCTTTAATTATACCCGAATCCACGACAGCTACGACA	GCCGGTAAAACTCGTGCCAGC	CAAACTGGGATTAGATACCCCACTATG
LC011387	602068	Eukaryota	Chordata	Actinopteri	Salmoniformes	Salmonidae	Salmo	Salmo_caspius	CACCGCGGTTATACGAGAGACCCTAGTTGATAACTACCGGCGTAAAGAGTGGTTACGGAAAAATATTCAATAAAGCCGAACACCCCCTCAGCCGTCATACGCACCTGGGGGCACGAAGATCTACTGCGAAAGCAGCTTTAACTATGCCTGAACCCACGACAGCTACGACA	GCCGGTAAAACTCGTGCCAGC	CAAACTGGGATTAGATACCCCACTATG
LC168675	201378	Eukaryota	Chordata	Actinopteri	Salmoniformes	Salmonidae	Thymallus	Thymallus_grubii	CACCGCGGTTATACGAGAGGCCCAAGTTGATAATTACCGGCGTAAAGAGTGGTTATGGAATAATACTTAATAAAGCCGAACACCCCCTCAGCTGTCATACGCACCTGGGGGCACGAAGCTCCACTGCGAAAGCAGCTTTAATGCCCCTGAACCCACGACAGCTATGAAA	GCCGGTAAAACTCGTGCCAGC	CAAACTGGGATTAGATACCCCACTATG
LC381909	90313	Eukaryota	Chordata	Actinopteri	Salmoniformes	Salmonidae	Oncorhynchus	Oncorhynchus_masou	CACCGCGGTTATACGAGAGGCCCTAGTTGATAACTACCGGCGTAAAGAGTGGTTATGGAAGATACTTGATAAAGCCGAACACTCCCTCAGCCGTCATACGCACCTGGAAGCACGAAAACCTACTGCGAAAGCAGCTTTAATTATGCCTGACCCCACGACAGCTAAGAAA	GCCGGTAAAACTCGTGCCAGC	CAAACTGGGATTAGATACCCCACTATG
LC424298	423370	Eukaryota	Chordata	Actinopteri	Salmoniformes	Salmonidae	Salvelinus	Salvelinus_leucomaenis	CACCGCGGTTATACGAGAGGCCCTAGTTGATAACTACCGGCGTAAAGAGTGGTTATGGAAAAATGTTTAATAAAGCCGAACACCCCCTCAGCCGTCATACGCACCTGGAGGCACGAAGACCTACTGCGAAAGCAGCTTTAATTATACCTGAACCCACGACAGCTACGACA	GCCGGTAAAACTCGTGCCAGC	CAAACTGGGATTAGATACCCCACTATG
LC440499	374848	Eukaryota	Chordata	Actinopteri	Salmoniformes	Salmonidae	Salvelinus	Salvelinus_curilus	CACCGCGGTTATACGAGAGGCCCTAGTTGATAACTACCGGCGTAAAGAGTGGTTACGGAAAAATGTTTAATAAAGCCGAACACCCCCTCAGCCGTCATACGCACCTGGGGGCACGAAGACCTACTGCGAAAGCAGCTTTAATTGTACCCGAACCCACGACAGCTACGACA	GCCGGTAAAACTCGTGCCAGC	CAAACTGGGATTAGATACCCCACTATG
LC513886	287195	Eukaryota	Chordata	Actinopteri	Salmoniformes	Salmonidae	Salvelinus	Salvelinus_leucomaenis	CACCGCGGTTATACGAGAGGCCCTAGTTGATAACTACCGGCGTAAAGAGTGGTTACGGAAAAATGTTTAATAAAGCCGAACACCCCCTCAGCCGTCATACGCACCTGGAGGCACGAAGACCTACTGCGAAAGCAGCTTTAATTATACCTGAACCCACGACAGCTACGACA	GCCGGTAAAACTCGTGCCAGC	CAAACTGGGATTAGATACCCCACTATG
LT617633	237411	Eukaryota	Chordata	Actinopteri	Salmoniformes	Salmonidae	Salmo	Salmo_obtusirostris	CACCGCGGTTATACGAGAGGCCCTAGTTGATAACTACCGGCGTAAAGAGTGGTTACGGAGAAATATTCAATAAAGCCGAACACCCCCTCAGCCGTCATACGCACCTGGGGGCACGAAGATCTACTGCGAAAGCAGCTTTAATTATGCCTGAACCCACGACAGCTACGACA	GCCGGTAAAACTCGTGCCAGC	CAAACTGGGATTAGATACCCCACTATG
MK913369	59291	Eukaryota	Chordata	Actinopteri	Salmoniformes	Salmonidae	Coregonus	Coregonus_lavaretus	CACCGCGGTTATACGAGAGGCCCTAGTTGATAATCACCGGCGTAAAGAGTGGTTAGGAATTATATTTAATAAAGCCGAACACCCCCTTGGCTGTCATACGCACCTGGGGGCACGAAGCCCCACTGCGAAAGCAGCTTTAATCACCACCTGAACCCACGACAGCTATGATA	GCCGGTAAAACTCGTGCCAGC	CAAACTGGGATTAGATACCCCACTATG
MN394784	86068	Eukaryota	Chordata	Actinopteri	Salmoniformes	Salmonidae	Coregonus	Coregonus_baicalensis	CACCGCGGTTATACGAGAGGCCCTAGTTGATAATCACCGGCGTAAAGAGTGGTTAGGAATTATATTTAATAAAGCCGAACACCCCCTTGGCTGTCATACGCACCTGGGGGCACGAAGCCCCACTGCGAAAGCAGCTTTAATCACCACCTGAACCCACGACAGCTATGACA	GCCGGTAAAACTCGTGCCAGC	CAAACTGGGATTAGATACCCCACTATG
MN394787	884168	Eukaryota	Chordata	Actinopteri	Salmoniformes	Salmonidae	Coregonus	Coregonus_migratorius	CACCGCGGTTATACGAGAGGCCCTAGTTGATAATCACCGGCGTAAAGAGTGGTTAGGAATTATATTTAATAAAGCCGAACACCCCCTTGGCTGTCATACGCACCTGGGGGCACGAAGCCCCACTGCGAAAGCAGCTTTAATCACCACCTGAACCCACGACAGCTATGACA	GCCGGTAAAACTCGTGCCAGC	CAAACTGGGATTAGATACCCCACTATG
MN394789	884168	Eukaryota	Chordata	Actinopteri	Salmoniformes	Salmonidae	Coregonus	Coregonus_migratorius	CACCGCGGTTATACGAGAGGCCCTAGTTGATAATCACCGGCGTAAAGAGTGGTTAGGAGTTATATTTAATAAAGCCGAACACCCCCTTGGCTGTCATACGCACCTGGGGGCACGAAGCCCCACTGCGAAAGCAGCTTTAATCACCACCTGAACCCACGACAGCTATGACA	GCCGGTAAAACTCGTGCCAGC	CAAACTGGGATTAGATACCCCACTATG
MN530959	8039	Eukaryota	Chordata	Actinopteri	Salmoniformes	Salmonidae	Salvelinus	Salvelinus_malma	CACCGCGGTTATACGAGAGGCCCTAGTTGATAACTACCGGCGTAAAGAGTGGTTACGGAAAAATGTTTAATAAAGCCGAACACCCCCTCAGCCGTCATACGCACCTGGGGGCACGAAGACCTACTGCGAAAGCAGCTTTAATTATACCCGAACCCACGACAGCTACGACA	GCCGGTAAAACTCGTGCCAGC	CAAACTGGGATTAGATACCCCACTATG
MN530962	8036	Eukaryota	Chordata	Actinopteri	Salmoniformes	Salmonidae	Salvelinus	Salvelinus_alpinus	CACCGCGGTTATACGAGAGGCCCTAGTTGATAAATACCGGCGTAAAGAGTGGTTACGGAAAAATGTTTAATAAAGCCGAACACCCCCTCAGCCGTCATACGCACCTGGGGGCACGAAGACCTACTGCGAAAGCAGCTTTAATTGTACCCGAACCCACGACAGCTACGACA	GCCGGTAAAACTCGTGCCAGC	CAAACTGGGATTAGATACCCCACTATG
MN852233	36185	Eukaryota	Chordata	Actinopteri	Salmoniformes	Salmonidae	Thymallus	Thymallus_thymallus	CACCGCGGTTATACGAGAGGCCCAAGTTGACAATTACCGGCGTAAAGAGTGGTTATGGAATAATATTTAATAAAGCCGAACACCCCCTCAGCTGTCATACGCACCTGGGGGCACGAAGCTCCACTGCGAAAGCAGCTTTAATACCCCTGAACCCACGACAGCTATGAAA	GCCGGTAAAACTCGTGCCAGC	CAAACTGGGATTAGATACCCCACTATG
MN957795	85061	Eukaryota	Chordata	Actinopteri	Salmoniformes	Salmonidae	Salvelinus	Salvelinus_alpinus	CACCGCGGTTATACGAGAGGCCCTAGTTGATAACTACCGGCGTAAAGAGTGGTTACGGAAAAATGTTTAATAAAGCCGAACACCCCCTCAGCCGTCATACGCACCTGGGGGCACGAAGACCTACTGCGAAAGCAGCTTTAATTGTACCCGAACCCACGACAGCTACGACA	GCCGGTAAAACTCGTGCCAGC	CAAACTGGGATTAGATACCCCACTATG
MT062996	36185	Eukaryota	Chordata	Actinopteri	Salmoniformes	Salmonidae	Thymallus	Thymallus_thymallus	CACCGCGGTTATACGAGAGGCCCAAGTTGACAATTAYCRGCGTAAAGAGTGGTTATGGAATAATATTTAATAAAGCCGAACACCCCCTCAGCTGTCATACGCACCTGGGGGCACGAAGCTCCACTGCGAAAGCAGCTTTAATACCCCTGAACCCACGACAGCTATGAAA	GCCGGTAAAACTCGTGCCAGC	CAAACTGGGATTAGATACCCCACTATG
MT062997	36185	Eukaryota	Chordata	Actinopteri	Salmoniformes	Salmonidae	Thymallus	Thymallus_thymallus	CACCGCGGTTATACGAGAGGCCCAAGTTGACAATTACCGGCGTAAAGAGTGGTTATGGAATAATATTTAATAAAGCCGAACACCCCCTCAGCTGTCATACGCACCTGGGGGCACGAAGCTCCACTGCGAAAGCAGCTTTAATAGCCCTGAACCCACGACAGCTATGAAA	GCCGGTAAAACTCGTGCCAGC	CAAACTGGGATTAGATACCCCACTATG
MT063001	36185	Eukaryota	Chordata	Actinopteri	Salmoniformes	Salmonidae	Thymallus	Thymallus_thymallus	CACCGCGGTTATACGAGAGGCCCAAGTTGACAATTACCGGCGTAAAGAGTGGTTATGGAATAATATTTGATAAAGCCGAACACCCCCTCAGCTGTCATACGCACCTGGAGGCACGAAGCTCCACTGCGAAAGCAGCTTTAATACCCCTGAACCCACGACAGCTATGAAA	GCCGGTAAAACTCGTGCCAGC	CAAACTGGGATTAGATACCCCACTATG
MT063002	36185	Eukaryota	Chordata	Actinopteri	Salmoniformes	Salmonidae	Thymallus	Thymallus_thymallus	CACCGCGGTTATACGAGAGGCCCAAGTTGACAATTACCGGCGTAAAGAGTGGTTATGGAATAATATTTGATAAAGCCGAACACCCCCTCAGCTGTCATACGCACCTGGGGGCACGAAGCTCCACTGCGAAAGCAGCTTTAATACCCCTGAACCCACGACAGCTATGAAA	GCCGGTAAAACTCGTGCCAGC	CAAACTGGGATTAGATACCCCACTATG
MT063007	2707359	Eukaryota	Chordata	Actinopteri	Salmoniformes	Salmonidae	Thymallus	Thymallus_ligericus	CACCGCGGTTATACGAGAGGCCCAAGTTGACAATTACCGGCGTAAAGAGTGGTTATGGAATAATATTTAATAAAGCCGAACACCCCCTCAGCTGTCATACGCACCTGGGGGCACGAAGCTCCACTGCGAAAGCAGCTTTAATTCCCCTGAACCCACGACAGCTATGAAA	GCCGGTAAAACTCGTGCCAGC	CAAACTGGGATTAGATACCCCACTATG
MT063008	1483149	Eukaryota	Chordata	Actinopteri	Salmoniformes	Salmonidae	Thymallus	Thymallus_aeliani	CACCGCGGTTATACGAGAGGCCCAAGTTGACAGTTACCGGCGTAAAGAGTGGTTATGGAATAATATTTAATAAAGCCGAACACCCCCTCAGCTGTCATACGCACCTGGGGGCACGAAGCTCCACTGCGAAAGCAGCTTTAATACCCCTGAACCCACGACAGCTATGAAA	GCCGGTAAAACTCGTGCCAGC	CAAACTGGGATTAGATACCCCACTATG
MT063010	70285	Eukaryota	Chordata	Actinopteri	Salmoniformes	Salmonidae	Thymallus	Thymallus_arcticus	CACCGCGGTTATACGAGAGGCCCAAGTTGATAGTTACCGGCGTAAAGAGTGGTTATGGAATAATACTTAATAAAGCCGAACACCCCCTCAGCTGTCATACGCACCTGGGGGCACGAAGCTCCACTGCGAAAGCAGCTTTAATACCCCTGAACCCACGACAGCTATGAAA	GCCGGTAAAACTCGTGCCAGC	CAAACTGGGATTAGATACCCCACTATG
MT063011	70285	Eukaryota	Chordata	Actinopteri	Salmoniformes	Salmonidae	Thymallus	Thymallus_arcticus	CACCGCGGTTATACGAGAGGCCCAAGTTGATAGTTACCGGCGTAAAGAGTGGTTATGGAATAATACTTAATAAAGCCGAACACCCCCTCAGCTGTCATACGCACCTGGGGGCACGAAGCTCCACTGCGAAAGCAGCTTTAATACCCCTGAACCCACGACAGCTATCAAA	GCCGGTAAAACTCGTGCCAGC	CAAACTGGGATTAGATACCCCACTATG
MT063018	1854753	Eukaryota	Chordata	Actinopteri	Salmoniformes	Salmonidae	Thymallus	Thymallus_baicalolenensis	CACCGCGGTTATACGAGAGGCCCGAGTTGATAATTACCGGCGTAAAGAGTGGTTATGGAATAATACTTAATAAAGCCGAACACCCCTTCAGCTGTCATACGCACCTGGGGGCACGAAGCTCCACTGCGAAAGCAGCTTTAATACCCCTGAACCCACGACAGCTATGAAA	GCCGGTAAAACTCGTGCCAGC	CAAACTGGGATTAGATACCCCACTATG
MT063020	1854753	Eukaryota	Chordata	Actinopteri	Salmoniformes	Salmonidae	Thymallus	Thymallus_baicalolenensis	CACCGCGGTTATACGAGAGGCCCGAGTTGATAATTACCGGCGTAAAGAGTGGTTATGGAATAATACTTAATAAAGCCGAACACCCCCTCAGCTGTCATACGCACCTGGGGGCACGAAGCTCCACTGCGAAAGCAGCTTTAATACCCCTGAACCCACGACAGCTATGAAA	GCCGGTAAAACTCGTGCCAGC	CAAACTGGGATTAGATACCCCACTATG
MT063022	426380	Eukaryota	Chordata	Actinopteri	Salmoniformes	Salmonidae	Thymallus	Thymallus_baicalensis	CACCGCGGTTATACGAGAGGCCCAAGTTGATAATTACCGGCGTAAAGAGTGGTTATGGAATAATAATTAATAAAGCCGAACACCCCCTCAGCTGTCATACGCACCTGGGGGCACGAAGCTCCACTGCGAAAGCAGCTTTAATACCCCCTGAACCCACGACAGCTATGAAA	GCCGGTAAAACTCGTGCCAGC	CAAACTGGGATTAGATACCCCACTATG
MT063028	297513	Eukaryota	Chordata	Actinopteri	Salmoniformes	Salmonidae	Thymallus	Thymallus_nigrescens	CACCGCGGTTATACGAGAGGCCCAAGTTGATAATTACCGGCGTAAAGAGTGGTTATGGAATAATAATTAATAAAGCCGAACACCCCCTCAGCTGTCATACGCACCTGGGGGCACGAAGCTCCACTGCGAAAGCAGCTTTAATACCCCCTGAACCCACGACAGCTATGAAA	GCCGGTAAAACTCGTGCCAGC	CAAACTGGGATTAGATACCCCACTATG
MT063029	528211	Eukaryota	Chordata	Actinopteri	Salmoniformes	Salmonidae	Thymallus	Thymallus_nikolskyi	CACCGCGGTTATACGAGAGGCCCAAGTTGATAATTACCGGCGTAAAGAGTGGTTATGGAATAATACTTAATAAAGCCGAACACCCCCTCAGCTGTCATACGCACCTGGGGGCACGAAGCTCCACTGCGAAAGCAGCTTTAATACCCCCTGAACCCACGACAGCTATGAAA	GCCGGTAAAACTCGTGCCAGC	CAAACTGGGATTAGATACCCCACTATG
MT063030	528211	Eukaryota	Chordata	Actinopteri	Salmoniformes	Salmonidae	Thymallus	Thymallus_nikolskyi	CACCGCGGTTATACGAGAGGCCCAAGTTGATAATTACCGGCGTAAAGAGTGGTTATGGAATAATACTTAATAAAGCCGAACACCCCCTCAGCTGTCATACGCACCTGGGGGCACGAAGCTCCACTGCGAAAGCAGCTTTAATACCCCCTGAACCCACGACAGCTATRAAA	GCCGGTAAAACTCGTGCCAGC	CAAACTGGGATTAGATACCCCACTATG
MT063031	528212	Eukaryota	Chordata	Actinopteri	Salmoniformes	Salmonidae	Thymallus	Thymallus_svetovidovi	CACCGCGGTTATACGAGAGGCCCAAGTTGATAATTACCGGCGTAAAGAGTGGTTATGGAATAATACTTAATAAAGCCGAACACCCCCTCAGCTGTCATACGCACCTGGGGGCACGAAGCTCCACTGCGAAAGCAGCTTTAATACCCCCTGAACCCACGACAGCTATGAAA	GCCGGTAAAACTCGTGCCAGC	CAAACTGGGATTAGATACCCCACTATG
MT063033	201377	Eukaryota	Chordata	Actinopteri	Salmoniformes	Salmonidae	Thymallus	Thymallus_brevirostris	CACCGCGGTTATACGAGAGGCCCAAGTTGATAATTACCGGCGTAAAGAGTGGTTATGGAATAATACTTAATAAAGCCGAACACCCCCTCAGCTGTCATACGCACCTGGGGGCACGAAGCTCCACTGCGAAAGCAGCTTTAATACCCCTGAACCCACGACAGCTATGAAA	GCCGGTAAAACTCGTGCCAGC	CAAACTGGGATTAGATACCCCACTATG
MT063034	2699159	Eukaryota	Chordata	Actinopteri	Salmoniformes	Salmonidae	Thymallus	Thymallus_brevicephalus	CACCGCGGTTATACGAGAGGCCCAAGTTGATAATTACCGGCGTAAAGAGTGGTTATGGAATAATACTTAATAAAGCCGAACACCCCCTCAGCTGTCATACGCACCTGGGGGCACGAAGCTCCACTGCGAAAGCAGCTTTAATGCCCCTGAACCCACGACAGCTATGAAA	GCCGGTAAAACTCGTGCCAGC	CAAACTGGGATTAGATACCCCACTATG
MT063037	565240	Eukaryota	Chordata	Actinopteri	Salmoniformes	Salmonidae	Thymallus	Thymallus_burejensis	CACCGCGGTTATACGAGAGGCCCAAGTTGATAATTACCGGCGTAAAGAGTGGTTATGGAATAATACTTAATAAAGCCGAACACCCCCTCAGCTGTCATACGCACCTGGGGGCACGAAGCTCCACTGCGAAAGCAGCTTTAATACCTCCTGAACCCACGACAGCTATGAAA	GCCGGTAAAACTCGTGCCAGC	CAAACTGGGATTAGATACCCCACTATG
MT063038	201378	Eukaryota	Chordata	Actinopteri	Salmoniformes	Salmonidae	Thymallus	Thymallus_grubii	CACCGCGGTTATACGAGAGGCCCAAGTTGATAGTTACCGGCGTAAAGAGTGGTTATGGAATTATACTTAATAAAGCCGAACACCCCCTCAGCTGTCATACGCACCTGGGGGCACGAAGCTCCACTGCGAAAGCAGCTTTAATACCCCCTGAACCCACGACAGCTATGAAA	GCCGGTAAAACTCGTGCCAGC	CAAACTGGGATTAGATACCCCACTATG
MT063051	2707359	Eukaryota	Chordata	Actinopteri	Salmoniformes	Salmonidae	Thymallus	Thymallus_ligericus	CACCGCGGTTATACGAGAGGCCCAAGTTGACAATTACCGGCGTAAAGAGTGGTTATGGAATAATATTTAATAAAGCCGAACACCCCCTCAGCTGTCATACGCACCTGGGGGCACGAAGCTCCACTGCGAAAGCAGCTTTAATACCCCTGAACCCACGACAGCTATGAAA	GCCGGTAAAACTCGTGCCAGC	CAAACTGGGATTAGATACCCCACTATG
MT163451	674131	Eukaryota	Chordata	Actinopteri	Salmoniformes	Salmonidae	Coregonus	Coregonus_maraena	CACCGCGGTTATACGAGAGGCCCTAGTTGATAATCACCGGCGTAAAGAGTGGTTAGGAATTATATTTAATAAAGCCGAACACCCCCTTGGCTGTCATACGCACCTGGGGGCACGAAGCCCCACTGCGAAAGCAGCTTTAATCACCACCTGAACCCACGACAGCTATGATA	GCCGGTAAAACTCGTGCCAGC	CAAACTGGGATTAGATACCCCACTATG
MT163458	674131	Eukaryota	Chordata	Actinopteri	Salmoniformes	Salmonidae	Coregonus	Coregonus_maraena	CACCGCGGTTATACGAGAGGCCCTAGTTGATGATCACCGGCGTAAAGAGTGGTTAGGAATTATATTTAATAAAGCCGAACACCCCCTTGGCTGTCATACGCACCTGGGGGCACGAAGCCCCACTGCGAAAGCAGCTTTAATCACCACCTGAACCCACGACAGCTATGACA	GCCGGTAAAACTCGTGCCAGC	CAAACTGGGATTAGATACCCCACTATG
MT163460	674131	Eukaryota	Chordata	Actinopteri	Salmoniformes	Salmonidae	Coregonus	Coregonus_maraena	CACCGCGGTTATACGAGAGGCCCTAGTTGATGATCACCGGCGTAAAGAGTGGTTAGGAATTATATTTAATAAAGCCGAACACCCCCTTGGCTGTCATACGCACCTGGGGGCACGAAGCCCCACTGCGAAAGCAGCTTTAATCACCACCTGAACCCACGACAGCTATTACA	GCCGGTAAAACTCGTGCCAGC	CAAACTGGGATTAGATACCCCACTATG
MF621742	8040	Eukaryota	Chordata	Actinopteri	Salmoniformes	Salmonidae	Salvelinus	Salvelinus_namaycush	CACCGCGGTTATACGAGAGGCCCTAGTTGATAACTACCGGCGTAAAGAGTGGTTACGGAAAAATGTTTAATAAAGCCGAACACCCCCTCAGCCGTCATACGCACCTGGGGGCACGAAGACCTACTGCGAAAGCAGCTTTAATTGTACCCGAATCCACGACAGCTACGACA	GCCGGTAAAACTCGTGCCAGC	CAAACTGGGATTAGATACCCCACTATG
MF621743	8036	Eukaryota	Chordata	Actinopteri	Salmoniformes	Salmonidae	Salvelinus	Salvelinus_alpinus	CACCGCGGTTATACGAGAGGCCCTAGTTGATAACTACCGGCGTAAAGAGTGGTTACGGAAAAATGTTTAATAAAGCCGAACACCTCCTCAGCCGTCATACGCACCTGGGGGCACGAAGACCTACTGCGAAAGCAGCTTTAATTATACCCGAACCCACGACAGCTACGACA	GCCGGTAAAACTCGTGCCAGC	CAAACTGGGATTAGATACCCCACTATG
MF621749	8019	Eukaryota	Chordata	Actinopteri	Salmoniformes	Salmonidae	Oncorhynchus	Oncorhynchus_kisutch	CACCGCGGTTATACGAGAGGCCCTAGTTGATAACTACCGGCGTAAAGAGTGGTTATGGAAAGATATTTAATAAAGCCGAACACCCCCTCAGCCGTCATACGCACCTGGGAGCACGAAGACCTACCGCGAAAGCAGCTTTAATTACGCCTGACCCCACGACAGCTAAGAAA	GCCGGTAAAACTCGTGCCAGC	CAAACTGGGATTAGATACCCCACTATG
MF621759	348696	Eukaryota	Chordata	Actinopteri	Salmoniformes	Salmonidae	Prosopium	Prosopium_cylindraceum	CACCGCGGTTATACGAGAGGCCCAAGTTGATAACTACCGGCGTAAAGAGTGGTTAGGGATAATACTTAATAAAGCCGAACACCCCCTAGGCTGTCATACGCACCTGGGGGCACGAAGCCCCACTGCGAAAGCAGCTTTAACCACCACCTGAACCCACGACAGCTATGATA	GCCGGTAAAACTCGTGCCAGC	CAAACTGGGATTAGATACCCCACTATG
MF621765	36181	Eukaryota	Chordata	Actinopteri	Salmoniformes	Salmonidae	Coregonus	Coregonus_artedi	CACCGCGGTTATACGAGAGGCCCTAGTTGATAATCACCGGCGTAAAGAGTGGTTAGGAATTATATTTAATAAAGCCGAACACCCCCTTGGCTGTCATACGCACCTGGGGGCACGAAGCCCCACTGCGAAAGCAGCTTTAATCAACACCTGAACCCACGACAGCTATGACA	GCCGGTAAAACTCGTGCCAGC	CAAACTGGGATTAGATACCCCACTATG
MF680544	8039	Eukaryota	Chordata	Actinopteri	Salmoniformes	Salmonidae	Salvelinus	Salvelinus_malma	CACCGCGGTTATACGAGAGGCCCTAGTTGATAACTACCGGCGTAAAGAGTGGTTACGGAAAAATGTTTAATAAAGCCGAACACCCCCTCAGCCGTCATACGCACCTGGGGGCACGAAGACCTACTGCGAAAGCAGCTTTAATTGTACCCGAACCCACGACAGCTACGACA	GCCGGTAAAACTCGTGCCAGC	CAAACTGGGATTAGATACCCCACTATG
MG551588	2109336	Eukaryota	Chordata	Actinopteri	Salmoniformes	Salmonidae	Salmo	Salmo_ischchan	CACCGCGGTTATACGAGAGACCCTAGTTGATAACTACCGGCGTAAAGAGTGGTTACGGAAAAATATTCAATAAAGCCGAACACCCCCTCAGCCGTCATACGCACCTGGGGGCACGAAGATCTACTGCGAAAGCAGCTTTAACTATGCCTGAACCCACGACAGCTACGACA	GCCGGTAAAACTCGTGCCAGC	CAAACTGGGATTAGATACCCCACTATG
MG551591	1035833	Eukaryota	Chordata	Actinopteri	Salmoniformes	Salmonidae	Salmo	Salmo_ischchan	CACCGCGGTTATACGAGAGACCCTAGTTGATAACTACCAGCGTAAAGAGTGGTTACGGAAAAATATTCAATAAAGCCGAACACCCCCTCAGCCGTCATACGCACCTGGGGGCACGAAGATCTACTGCGAAAGCAGCTTTAACTATGCCTGAACCCACGACAGCTACGACA	GCCGGTAAAACTCGTGCCAGC	CAAACTGGGATTAGATACCCCACTATG
MG599465	1035833	Eukaryota	Chordata	Actinopteri	Salmoniformes	Salmonidae	Salmo	Salmo_ischchan	CACCGCGGTTATACGAGAGACCCTAGTTGATAACTACCGGCGTAAAGAGTGGTTACGGAAAAATATTCAATGAAGCCGAACACCCCCTCAGCCGTCATACGCACCTGGGGGCACGAAGATCTACTGCGAAAGCAGCTTTAACTATGCCTGAACCCACGACAGCTACGACA	GCCGGTAAAACTCGTGCCAGC	CAAACTGGGATTAGATACCCCACTATG
MG924463	480039	Eukaryota	Chordata	Actinopteri	Salmoniformes	Salmonidae	Coregonus	Coregonus_laurettae	CACCGCGGTTATACGAGAGGCCCTAGTTGATAATTACCGGCGTAAAGAGTGGTTAGGAATTATATTTAATAAAGCCGAACACCCCCTTGGCTGTCATACGCACCTGGGGGCACGAAGCCCCACTGCGAAAGCAGCTTTAATCAACACCTGAACCCACGACAGCTATGACA	GCCGGTAAAACTCGTGCCAGC	CAAACTGGGATTAGATACCCCACTATG
MG924464	480039	Eukaryota	Chordata	Actinopteri	Salmoniformes	Salmonidae	Coregonus	Coregonus_laurettae	CACCGCGGTTATACGAGAGGCCCTAGTTGATAATCACCGGCGTAAAGAGTGGTTAGGAATTATATTTAATAAAGCCGAACACCCCCTTGGCTGTCATACGCACCTGGGGGCACGAAGCCCCACTGCGAAAGCAGCTTTAATCAACACCTGAACCCACGACAGCTATGACA	GCCGGTAAAACTCGTGCCAGC	CAAACTGGGATTAGATACCCCACTATG
MG924466	241494	Eukaryota	Chordata	Actinopteri	Salmoniformes	Salmonidae	Coregonus	Coregonus_sardinella	CACCGCGGTTATACGAGAGGCCCTAGTTGATAATCACCGGCGTAAAGAGTGGTTAGGAATTATATTTAATAAAGCCGAACACCCCCTTGGCTGTCATACGCACCTGGGGGCACGAAGCCCCACTGCGAAAGCAGCTTTAATCAACACCTGAACCCACGACAGCTATGACA	GCCGGTAAAACTCGTGCCAGC	CAAACTGGGATTAGATACCCCACTATG
MG924467	241494	Eukaryota	Chordata	Actinopteri	Salmoniformes	Salmonidae	Coregonus	Coregonus_sardinella	CACCGCGGTTATACGAGAGGCCCTAGTTGATGATCACCGGCGTAAAGAGTGGTTAGGAATTATATTTAATAAAGCCGAACACCCCCTTGGCTGTCATACGCACCTGGGGGCACGAAGCCCCACTGCGAAAGCAGCTTTAATCACCACCTGAGCCCACGACAGCTATGACA	GCCGGTAAAACTCGTGCCAGC	CAAACTGGGATTAGATACCCCACTATG
MG924468	56554	Eukaryota	Chordata	Actinopteri	Salmoniformes	Salmonidae	Coregonus	Coregonus_zenithicus	CACCGCGGTTATACGAGAGGCCCTAGTTGATAATCACCGGCGTAAAGAGTGGTTAGGAATTATATTTAATAAAGCCGAACACCCCCTTGGCTGTCATACGCACCTGGGGGCACGAAGCCCCACTGCGAAAGCAGCTTTAATCAACACCTGAACCCACGACAGCTATGACA	GCCGGTAAAACTCGTGCCAGC	CAAACTGGGATTAGATACCCCACTATG
MG924469	56554	Eukaryota	Chordata	Actinopteri	Salmoniformes	Salmonidae	Coregonus	Coregonus_zenithicus	CACCGCGGTTATACGAGAGGCCCTAGTTGATGATCACCGGCGTAAAGAGTGGTTAGGAATTATATTTAATAAAGCCGAACACCCCCTTGGCTGTCATACGCACCTGGGGGCACGAAGCCCCACTGCGAAAGCAGCTTTAATCACCACCTGAACCCACGACAGCTATGACA	GCCGGTAAAACTCGTGCCAGC	CAAACTGGGATTAGATACCCCACTATG
MG924470	141825	Eukaryota	Chordata	Actinopteri	Salmoniformes	Salmonidae	Prosopium	Prosopium_coulterii	CACCGCGGTTATACGAGAGGCCCTAGTTGATAACTACCGGCGTAAAGAGTGGTTAGGGATAATACTTAATAAAGCCGAACACCTCCTAGGCTGTCATACGCACCTGGAGGCACGAAGCCCCACTGCGAAAGCAGCTTTAATCACCACCTGAATCCACGACAGCTATGATA	GCCGGTAAAACTCGTGCCAGC	CAAACTGGGATTAGATACCCCACTATG
MG924471	8037	Eukaryota	Chordata	Actinopteri	Salmoniformes	Salmonidae	Salvelinus	Salvelinus_confluentus	CACCGCGGTTATACGAGAGGCCCTAGTTGATAAATACCGGCGTAAAGGGTGGTTACGGAAAAATGTTTAATAAAGCCGAACACCCCCTCAGCCGTCATACGCACCTGGGGGCACGAAGACCTACTGCGAAAGCAGCTTTAATTATACCCGAACCCACGACAGCTACGACA	GCCGGTAAAACTCGTGCCAGC	CAAACTGGGATTAGATACCCCACTATG
MG924478	141825	Eukaryota	Chordata	Actinopteri	Salmoniformes	Salmonidae	Prosopium	Prosopium_coulterii	CACCGCGGTTATACGAGAGGCCCTAGTTGATAACTACCGGCGTAAAGAGTGGTTAGGGGTAATACTTAATAAAGCCGAACACCTCCTAGGCTGTCATACGCACCTGGAGACACGAAGCCCCACTGCGAAAGCAGCTTTAATCACCACCTGAATCCACGACAGCTATGATA	GCCGGTAAAACTCGTGCCAGC	CAAACTGGGATTAGATACCCCACTATG
MG924482	490388	Eukaryota	Chordata	Actinopteri	Salmoniformes	Salmonidae	Oncorhynchus	Oncorhynchus_clarkii	CACCGCGGTTATACGAGAGGCCCTAGTTGATAACTACCGGCGTAAAGAGTGGTTATGGAAAAATATTTAATAAAGCCGAACACCCCCTCAGCCGTCATACGCACCTGGGAGCACGAAGACCTACTGCGAAAGCAGCTTTAACTGTACCTGACCCCACGACAGCTAAGAAA	GCCGGTAAAACTCGTGCCAGC	CAAACTGGGATTAGATACCCCACTATG
MG993162	8023	Eukaryota	Chordata	Actinopteri	Salmoniformes	Salmonidae	Oncorhynchus	Oncorhynchus_nerka	CACCGCGGTTATACGAGAGGCCCTAGTTGATAACTACCGGCGTAAAGAGTGGTTATGGAAAAATATTTAATAAAGCCGAACACCCCCTCAGCCGTCATACGCACCTGGGAGCACGAAGACCTACTGCGAAAGCAGCTTTAATTATGCCTGACCCCACGACAGCTAAGAAA	GCCGGTAAAACTCGTGCCAGC	CAAACTGGGATTAGATACCCCACTATG
MH301055	36181	Eukaryota	Chordata	Actinopteri	Salmoniformes	Salmonidae	Coregonus	Coregonus_artedi	CACCGCGGTTATACGAGAGGCCCTAGTTGATAATCACCGGCGTAAAGAGTGGTTAGGAATTATATTTAATAAAGCCGAACACCCCCTTGGCTGTCATACGCACCTGGGGGAACGAAGCCCCACTGCGAAAGCAGCTTTAATCAACACCTGAACCCACGACAGCTATGACA	GCCGGTAAAACTCGTGCCAGC	CAAACTGGGATTAGATACCCCACTATG
MH301057	59861	Eukaryota	Chordata	Actinopteri	Salmoniformes	Salmonidae	Coregonus	Coregonus_clupeaformis	CACCGCGGTTATACGAGAGGCCCTAGTTGATAATCACCGGCGTAAAGAGTGGTTAGGAATTATATTTAATAAAGCCGAACACCCCCTTGGCTGTCATACGCACCTGGGGGCACGAAGCCCCACTGCGAAAGCAGCTTTAATCACCACCTGAACCCACGACAGCTATGATA	GCCGGTAAAACTCGTGCCAGC	CAAACTGGGATTAGATACCCCACTATG
GU233801	99804	Eukaryota	Chordata	Actinopteri	Salmoniformes	Salmonidae	Salmo	Salmo_trutta	CACCGCGGTTATACGAGAGACCCTAGTTGATAACTACCGGCGTAAAGAGTGGTTACGGAAAAATATTCAATAAAGCCGAACACCCCCTCAGCCGTCATACGCACCTGGGGGCACGAAGATCTACTGCGAAAGCAGCTTTAACTATGCCTGAACCCACGACAGCTACGACA	GCCGGTAAAACTCGTGCCAGC	CAAACTGGGATTAGATACCCCACTATG
GU233802	700588	Eukaryota	Chordata	Actinopteri	Salmoniformes	Salmonidae	Salmo	Salmo_labrax	CACCGCGGTTATACGAGAGACCCTAGTTGATAACTACCGGCGTAAAGAGTGGTTACGGAAAAATATTCAATAAAGCCGAACACCCCCTCAGCCGTCATACGCACCTGGGGGCACGAAGATCTACTGCGAAAGCAGCTTTAATTATACCTGAACCCACGACAGCTACGACA	GCCGGTAAAACTCGTGCCAGC	CAAACTGGGATTAGATACCCCACTATG
AP013048	8042	Eukaryota	Chordata	Actinopteri	Salmoniformes	Salmonidae	Parahucho	Parahucho_perryi	CACCGCGGTTATACGAGAGGCCCTAGTTGATAACTACCGGCGTAAAGAGTGGTTATGGAAAAATATTTAATAAAGCCGAACACCCCCTCAGCCGTCATACGCACCTGGAGGCACGAAGACCTACTGCGAAAGCAGCTTTAATTATACCTGAACCCACGACAGCTACGACA	GCCGGTAAAACTCGTGCCAGC	CAAACTGGGATTAGATACCCCACTATG
HM804473	633558	Eukaryota	Chordata	Actinopteri	Salmoniformes	Salmonidae	Hucho	Hucho_bleekeri	CACCGCGGTTATACGAGAGGCCCTAGTTGATGGTTACCGGCGTAAAGAGTGGTTATGAAAAAGTATTTAATAGAGCCGAACACCCCCTTAGCCGTCATACGCACCTGGGGGCACGAAGACCTACTGCGAAAGCAGCTTTAATTATACCTGAACCCACGACAGCTACGACA	GCCGGTAAAACTCGTGCCAGC	CAAACTGGGATTAGATACCCCACTATG
HQ167664	8022	Eukaryota	Chordata	Actinopteri	Salmoniformes	Salmonidae	Oncorhynchus	Oncorhynchus_mykiss	CACCGCGGTTATACGAGAGACCCTAGTTGATAACTACCGGCGTAAAGAGTGGTTATGGAAAAATATTTAATAAAGCCGAACACCCCCTCAGCCGTCATACGCACCTGGGAGCACGAAGACCTACTGCGAAAGCAGCTTTAACTATGCCTGACCCCACGACAGCTAAGAAA	GCCGGTAAAACTCGTGCCAGC	CAAACTGGGATTAGATACCCCACTATG
HQ167665	74940	Eukaryota	Chordata	Actinopteri	Salmoniformes	Salmonidae	Oncorhynchus	Oncorhynchus_tshawytscha	CACCGCGGTTATACGAGAGGCCCTAGTTGATAACTACCGGCGTAAAGAGTGGTTATGGAAAAATATTTAATAAAGCCGAACACCCCCTCAGCCGTCATACGCACCTGGGGGCACGAAGACCTACTGCGAAAGCAGCTTTAATTACACCTGACCCCACGACAGCTAAGAAA	GCCGGTAAAACTCGTGCCAGC	CAAACTGGGATTAGATACCCCACTATG
HQ897271	201498	Eukaryota	Chordata	Actinopteri	Salmoniformes	Salmonidae	Hucho	Hucho_taimen	CACCGCGGTTATACGAGAGGCCCTAGTTGATGGTTACCGGCGTAAAGAGTGGTTATGAAAAAGTATTTAATAAAGCCGAACACCCCCTTAGCCGTCATACGCACCTGGGGGCACGAAGACCTACTGCGAAAGCAGCTTTAATTATACCTGAACCCACGACAGCTACGACA	GCCGGTAAAACTCGTGCCAGC	CAAACTGGGATTAGATACCCCACTATG
DQ288268	8022	Eukaryota	Chordata	Actinopteri	Salmoniformes	Salmonidae	Oncorhynchus	Oncorhynchus_mykiss	CACCGCGGTTATACGAGAGGCCCTAGTTGATAACTACCGGCGTAAAGAGTGGTTATGGAAAAATATTTAATAAAGCCGAACACCCCCTCAGCCGTCATACGCACCTGGGAGCACGAAGACCTACTGCAAAAGCAGCTTTAACTATGCCTGACCCCACGACAGCTAAGAAA	GCCGGTAAAACTCGTGCCAGC	CAAACTGGGATTAGATACCCCACTATG
KF513161	8034	Eukaryota	Chordata	Actinopteri	Salmoniformes	Salmonidae	Salvelinus	Salvelinus_leucomaenis	CACCGCGGTTATACGAGAGGCCCTAGTTGATAAATACCGGCGTAAAGAGTGGTTACGAAAAAATGTTTAATAAAGCCGAACACCCCCTCAGCCGTCATACGCACCTGGAGGCACGAAGACCTACTGCGAAAGCAGCTTTAATTATACCCGAATCCACGACAGCTACGACA	GCCGGTAAAACTCGTGCCAGC	CAAACTGGGATTAGATACCCCACTATG
KF908853	633558	Eukaryota	Chordata	Actinopteri	Salmoniformes	Salmonidae	Hucho	Hucho_bleekeri	CACCGCGGTTATACGAGAGGCCCTAGTTGATGGTTACCGGCGTAAAGAGTGGTTATGAAAAAGTATTTAATAAAGCCGAACACCCCCTTAGCCGTCATACGCACCTGGGGGCACGAAGACCTACTGCGAAAGCAGCTTTAATTATACCTGAACCCACGACAGCTACGACA	GCCGGTAAAACTCGTGCCAGC	CAAACTGGGATTAGATACCCCACTATG
KF974452	8034	Eukaryota	Chordata	Actinopteri	Salmoniformes	Salmonidae	Salvelinus	Salvelinus_leucomaenis	CACCGCGGTTATACGAGAGGCCCTAGTTGATAACTACCGGCGTAAAGAGTGGTTACGGAAAAATGTTTAATAAAGCCGAACACCCCCTCAGCCGTCATACGCACCTGGGGGCACGAAGACCTACTGCGAAAGCAGCTTTAATTATACCTGAACCCACGACAGCTACGACA	GCCGGTAAAACTCGTGCCAGC	CAAACTGGGATTAGATACCCCACTATG
KJ730524	1302316	Eukaryota	Chordata	Actinopteri	Salmoniformes	Salmonidae	Brachymystax	Brachymystax_tumensis	CACCGCGGTTATACGAGAGGCCCTAGTTGATAATCACCGGCGTAAAGAGTGGTTATGATAAAAGTATTTAATAAAGCCGAACACCCCCTTAGCCGTCATACGCACCTGGAGGCACGAAGACCTACTGCGAAAGCAGCTTTAATTATACCTGAACCCACGACAGCTACGACA	GCCGGTAAAACTCGTGCCAGC	CAAACTGGGATTAGATACCCCACTATG
KJ746619	374848	Eukaryota	Chordata	Actinopteri	Salmoniformes	Salmonidae	Salvelinus	Salvelinus_curilus	CACCGCGGTTATACGAGAGACCCTAGTTGATAACTACCGGCGTAAAGAGTGGTTACGGAAAAATGTTTAATAAAGCCGAACACCCCCTCAGCCGTCATACGCACCTGGGGGCACGAAGACCTACTGCGAAAGCAGCTTTAATTGTACCCGAACCCACGACAGCTACGACA	GCCGGTAAAACTCGTGCCAGC	CAAACTGGGATTAGATACCCCACTATG
MH918139	36180	Eukaryota	Chordata	Actinopteri	Salmoniformes	Salmonidae	Coregonus	Coregonus_albula	CACCGCGGTTATACGAGAGGCCCTAGTTGATGATCACCGGCGTAAAGAGTGGTTAGGAATTATATTTAATAAAGCCGAACACCCCCTTGGCTGTCATACGCACCTGGGGGCACGAAGCCCCACTGCGAAAGCAGCTTTAATCACCACCTGAACCCACGACAGCTATGACA	GCCGGTAAAACTCGTGCCAGC	CAAACTGGGATTAGATACCCCACTATG
MK270623	2557536	Eukaryota	Chordata	Actinopteri	Salmoniformes	Salmonidae	Salvelinus	Salvelinus_fontinalis_x_Salvelinus_malma	CACCGCGGTTATACGAGAGGCCCTAGTTGATAAATACCGGCGTAAAGAGTGGTTACGAAAAAATGTTTAATAAAGCCGAACACCCCCTCAGCCGTCATACGCACCTGGAGGCACGAAGACCTACTGCGAAAGCAGCTTTAATTATACCCGAATCCACGACAGCTACGACA	GCCGGTAAAACTCGTGCCAGC	CAAACTGGGATTAGATACCCCACTATG
MK599201	2546220	Eukaryota	Chordata	Actinopteri	Salmoniformes	Salmonidae	Brachymystax	Brachymystax_tsinlingensis	CACCGCGGTTATACGAGAGGCCCTAGTTGATAGTTACCGGCGTAAAGAGTGGTTATGGAAAAGTATTTAATAAAGCCGAACACCCCCTTAGCCGTCATACGCACCTGGGGGCACGAAGACCTACTGCGAAAGCAGCTTTAATTATACCTGAACCCACGACAGCTACGATA	GCCGGTAAAACTCGTGCCAGC	CAAACTGGGATTAGATACCCCACTATG
MK695623	152106	Eukaryota	Chordata	Actinopteri	Salmoniformes	Salmonidae	Salvelinus	Salvelinus_boganidae	CACCGCGGTTATACGAGAGGCCCTAGTTGATAAATACCGGCGTAAAGAGTGGTTACGGAAAAATGTTTAATAAAGCCGAACACCCCCTCAGCCGTCATACGCACCTGGGGGCACGAAGACCTACTGCGAAAGCAGCTTTAATTGTACCCGAACCCACGACAGCTACGACA	GCCGGTAAAACTCGTGCCAGC	CAAACTGGGATTAGATACCCCACTATG
MK695624	152107	Eukaryota	Chordata	Actinopteri	Salmoniformes	Salmonidae	Salvelinus	Salvelinus_elgyticus	CACCGCGGTTATACGAGAGGCCCTAGTTGATAAATACCGGCGTAAAGAGTGGTTACGGAAAAATGTTTAATAAAGCCGAACACCCCCTCAGCCGTCATACGCACCTGGGGGCACGAAGACCTACTGCGAAAGCAGCTTTAATTGTACCCGAACCCACGACAGCTACGACA	GCCGGTAAAACTCGTGCCAGC	CAAACTGGGATTAGATACCCCACTATG
MK695626	230553	Eukaryota	Chordata	Actinopteri	Salmoniformes	Salmonidae	Salvelinus	Salvelinus_levanidovi	CACCGCGGTTATACGAGAGGCCCTAGTTGATAACTACCGGCGTAAAGAGTGGTTACGGAAAAATGTTTAATAAAGCCGAACACCCCCTCAGCCGTCATACGCACCTGGGGGCACGAAGACCTACTGCGAAAGCAGCTTTAATTATACCCGAATCCACGACAGCTACGACA	GCCGGTAAAACTCGTGCCAGC	CAAACTGGGATTAGATACCCCACTATG
MK695627	152109	Eukaryota	Chordata	Actinopteri	Salmoniformes	Salmonidae	Salvethymus	Salvethymus_svetovidovi	CACCGCGGTTATACGAGAGGCCCTAGTTGATAACTACCGGCGTAAAGAGTGGTTACGGAAAAATGTTTAATAAAGCCGAACACCCCCTCAGCCGTCGTACGCACCTGGGGGCACGAAGACCTACTGCGAAAGCAGCTTTAATTGTACCCGAACCCACGACAGCTACGACA	GCCGGTAAAACTCGTGCCAGC	CAAACTGGGATTAGATACCCCACTATG
MK695630	152113	Eukaryota	Chordata	Actinopteri	Salmoniformes	Salmonidae	Salvelinus	Salvelinus_taranetzi	CACCGCGGTTATACGAGAGGCCCTAGTTGATAAATACCGGCGTAAAGAGTGGTTACGGAAAAATGTTTAATAAAGCCGAACACCCCCTCAGCCGTCATACGCACCTGGGGGCACGAAGACCTACTGCGAAAGCAGCTTTAATTGTACCCGAACCCACGACAGCTACGACA	GCCGGTAAAACTCGTGCCAGC	CAAACTGGGATTAGATACCCCACTATG
JQ390055	8030	Eukaryota	Chordata	Actinopteri	Salmoniformes	Salmonidae	Salmo	Salmo_salar	CACCGCGGTTATACGAGAGGCCCTAGTTGATAACTACCGGCGTAAAGAGTGGTTACGGAAAAATATTTAATAAAGCCGAACACCCCCTCAGCCGTCATACGCACCTGGGGACACGAAGACCTACTACGAAAGCAGCTTTAATTGTACCTGAACCCACGACAGCTACGACA	GCCGGTAAAACTCGTGCCAGC	CAAACTGGGATTAGATACCCCACTATG
JQ390058	348707	Eukaryota	Chordata	Actinopteri	Salmoniformes	Salmonidae	Coregonus	Coregonus_nasus	CACCGCGGTTATACGAGAGGCCCTAGTTGATAATCACCGGCGTAAAGAGTGGTTAGGAATTATATTTAATAAAGCCGAACACCCCCTTGGCTGTCATACGCACCTGGGGGCACGAAGCCCCACTGCGAAAGCAGCTTTAATCACCACCTGAACCCACGACAGCTAGGACA	GCCGGTAAAACTCGTGCCAGC	CAAACTGGGATTAGATACCCCACTATG
JQ390059	59296	Eukaryota	Chordata	Actinopteri	Salmoniformes	Salmonidae	Stenodus	Stenodus_leucichthys	CACCGCGGTTATACGAGAGGCCCTAGTTGATAATCACCGGCGTAAAGAGTGGTTAGGAATTATATTTAATAAAGCCGAACACCCCCTTGGCTGTCATACGCACCTGGGGGCACGAAGCCCCACTGCGAAAGCAGCTTTAATCACCACCTGAACCCACGACAGCTATGACA	GCCGGTAAAACTCGTGCCAGC	CAAACTGGGATTAGATACCCCACTATG
JQ390060	59861	Eukaryota	Chordata	Actinopteri	Salmoniformes	Salmonidae	Coregonus	Coregonus_clupeaformis	CACCGCGGTTATACGAGAGGCCCTAGTTGATAATTACCGGCGTAAAGAGTGGTTAGGAATTATATTTAATAAAGCCGAACACCCCCTTGGCTGTCATACGCACCTGGGGGCACGAAGCCCCACTGCGAAAGCAGCTTTAATCACCACCTGAACCCACGACAGCTATGATA	GCCGGTAAAACTCGTGCCAGC	CAAACTGGGATTAGATACCCCACTATG
JQ390061	89337	Eukaryota	Chordata	Actinopteri	Salmoniformes	Salmonidae	Prosopium	Prosopium_williamsoni	CACCGCGGTTATACGAGAGGCCCAAGTTGAAAATCACCGGCGTAAAGAGTGGTTAGGGATAATACTTAATAAAGCCGAACACCCCCTAGGCTGTCATACGCACCTGGGGGCACGAAGCCCCACTGCGAAAGCAGCTTTAATCATCACCTGAACCCACGACAGCTATGATA	GCCGGTAAAACTCGTGCCAGC	CAAACTGGGATTAGATACCCCACTATG
JQ661398	348708	Eukaryota	Chordata	Actinopteri	Salmoniformes	Salmonidae	Coregonus	Coregonus_oxyrinchus	CACCGCGGTTATACGAGAGGCCCTAGTTGATAATCACCGGCGTAAAGAGTGGTTAGGAATTATATTTAATAAAGCCGAACACCCCCTTGGCTGTCATACGCACCTGGGGGCACGAAGCCCCACTGCGAAAGCAGCTTTAATCACCACCTGAACCCACGACAGCTATGATA	GCCGGTAAAACTCGTGCCAGC	CAAACTGGGATTAGATACCCCACTATG
JQ661446	59291	Eukaryota	Chordata	Actinopteri	Salmoniformes	Salmonidae	Coregonus	Coregonus_lavaretus	CACCGCGGTTATACGAGAGGCCCTAGTTGATAATCACCGGCGTAAAGAGTGGTTAGGAATTATATTTAATAAAGCCGAACACCCCCTTGGCTGTCATACGCACCTGGGGGCACGAAGCCCCACTGCGAAAGCAGCTTTAATCACCACCTGAACCCACAACAGCTATGATA	GCCGGTAAAACTCGTGCCAGC	CAAACTGGGATTAGATACCCCACTATG
JQ661487	59861	Eukaryota	Chordata	Actinopteri	Salmoniformes	Salmonidae	Coregonus	Coregonus_clupeaformis	CACCGCGGTTATACGAAAGGCCCTAGTTGATAATCACCGGCGTAAAGAGTGGTTAGGAATTATATTTAATAAAGCCGAACACCCCCTTGGCTGTCATACGCACCTGGGGGCACGAAGCCCCACTGCGAAAGCAGCTTTAATCACCACCTGAACCCACGACAGCTATGATA	GCCGGTAAAACTCGTGCCAGC	CAAACTGGGATTAGATACCCCACTATG
JQ675732	1115630	Eukaryota	Chordata	Actinopteri	Salmoniformes	Salmonidae	Brachymystax	Brachymystax_lenok	CACCGCGGTTATACGAGAGGCCCTAGTTGATAGTTACCGGCGTAAAGAGTGGTTATGGAAAAGTATTTAATAAAGCCGAACACCCCCTTAGCCGTCATACGCACCTGGGGGCACGAAGACCTACTGCGAAAGCAGCTTTAATTATACCTGAACCCACGACAGCTACGATA	GCCGGTAAAACTCGTGCCAGC	CAAACTGGGATTAGATACCCCACTATG
JQ686730	62067	Eukaryota	Chordata	Actinopteri	Salmoniformes	Salmonidae	Brachymystax	Brachymystax_lenok	CACCGCGGTTATACGAGAGGCCCTAGTTGATAGTTACCGGCGTAAAGAGTGGTTATGGAAAAGTATTTAATAAAGCCGAACACCCCCTTAGCCGTCATACGCACCTGGAGGCACGAAGACCTACTGCGAAAGCAGCTTTAATTATACCTGAACCCACGACAGCTACGACA	GCCGGTAAAACTCGTGCCAGC	CAAACTGGGATTAGATACCCCACTATG
KJ866481	480041	Eukaryota	Chordata	Actinopteri	Salmoniformes	Salmonidae	Thymallus	Thymallus_arcticus	CACCGCGGTTATACGAGAGGCCCAAGTTGATAATTACCGGCGTAAAGAGTGGTTATGGAATAATACTTAATAAAGCCGAACACCCCCTCAGCTGTCATACGCACCTGGGGGCACGAAGCTCCACTGCGAAAGCAGCTTTAATGCCCCTGAACCCACGACAGCTATGAAA	GCCGGTAAAACTCGTGCCAGC	CAAACTGGGATTAGATACCCCACTATG
KJ866483	565241	Eukaryota	Chordata	Actinopteri	Salmoniformes	Salmonidae	Thymallus	Thymallus_tugarinae	CACCGCGGTTATACGAGAGGCCCAAGTTGATAATTACCGGCGTAAAGAGTGGTTATGGAATTATACTTAATAAAGCCGAACACCCCCTCAGCTGTCATACGCACCTGGGGGCACGAAGCTCCACTGCGAAAGCAGCTTTAATACCCCCTGAACCCACGACAGCTATGAAA	GCCGGTAAAACTCGTGCCAGC	CAAACTGGGATTAGATACCCCACTATG
KJ866484	511734	Eukaryota	Chordata	Actinopteri	Salmoniformes	Salmonidae	Thymallus	Thymallus_yaluensis	CACCGCGGTTATACGAGAGGCCCAAGTTGATGGTTACCGGCGTAAAGAGTGGTTATGGAAATATACTTAATAAAGCCGAACACCCCCTCAGCTGTCATACGCACCTGGGGGCACGAAGCTCCACTGCGAAAGCAGCTTTAATACCCCCTGAACCCACGACAGCTATGAAA	GCCGGTAAAACTCGTGCCAGC	CAAACTGGGATTAGATACCCCACTATG
KJ866485	565240	Eukaryota	Chordata	Actinopteri	Salmoniformes	Salmonidae	Thymallus	Thymallus_burejensis	CACCGCGGTTATACGAGAGGCCCAAGTTGATAATTACCGGCGTAAAGAGTGGTTATGGAATTATACTTAATAAAGCCGAACACCCCCTCAGCTGTCATACGCACCTGGGGGCACGAAGCTCCACTGCGAAAGCAGCTTTAATACCCCCTGAACCCACGACAGCTATGAAA	GCCGGTAAAACTCGTGCCAGC	CAAACTGGGATTAGATACCCCACTATG
KM210289	340692	Eukaryota	Chordata	Actinopteri	Salmoniformes	Salmonidae	Coregonus	Coregonus_ussuriensis	CACCGCGGTTATACGAGAGGCCCTAGTTGATAATCACCGGCGTAAAGAGTGGTTAGGAATTATATTTAATAAAGCCGAACACCCCCTTGGCTGTCATACGCACCTGGGGGCACGAAGCCCCACTGCGAAAGCAGCTTTAATCACCACCTGAACCCACGACAGCTATGATA	GCCGGTAAAACTCGTGCCAGC	CAAACTGGGATTAGATACCCCACTATG
KM361633	107322	Eukaryota	Chordata	Actinopteri	Salmoniformes	Salmonidae	Coregonus	Coregonus_peled	CACCGCGGTTATACGAGAGGCCCTAGTTGATAATCACCGGCGTAAAGAGTGGTTAGGAATTATATTTAATAAAGCCGAACACCCCCTTGGCTGTCATACGCACCTGGGGGCACGAAGCCCCACTGCGAAAGCAGCTTTAATCACCACCTGAACCCACGACAGCTATGATA	GCCGGTAAAACTCGTGCCAGC	CAAACTGGGATTAGATACCCCACTATG
KM588351	62062	Eukaryota	Chordata	Actinopteri	Salmoniformes	Salmonidae	Hucho	Hucho_hucho	CACCGCGGTTATACGAGAGGCCCTAGTTGATGGTTACCGGCGTAAAGAGTGGTTATGAAAAAGTATTTAATAAAGCCGAACACCCCCTTAGCCGTCATACGCACCTGGGGGCACGAAGACCTACTGCGAAAGCAGCTTTAATTATACCTGAACCCACGACAGCTACGACA	GCCGGTAAAACTCGTGCCAGC	CAAACTGGGATTAGATACCCCACTATG
KP013107	453929	Eukaryota	Chordata	Actinopteri	Salmoniformes	Salmonidae	Oncorhynchus	Oncorhynchus_clarkii	CACCGCGGTTATACGAGAGACCCTAGTTGATAACTACCGGCGTAAAGAGTGGTTATGGAAAAATATTTAATAAAGCCGAACACCCCCTCAGCCGTCATACGCACCTGGGAGCACGAAGACCTACTGCGAAAGCAGCTTTAACTGTACCTGACCCCACGACAGCTAAGAAA	GCCGGTAAAACTCGTGCCAGC	CAAACTGGGATTAGATACCCCACTATG
KP452507	27773	Eukaryota	Chordata	Actinopteri	Salmoniformes	Salmonidae	Coregonus	Coregonus_autumnalis	CACCGCGGTTATACGAGAGGCCCTAGTTGATAATCACCGGCGTAAAGAGTGGTTAGGAATTATATTTAATAAAGCCGAACACCCCCTTGGCTGTCATACGCACCTGGGGGCACGAAGCCCCACTGCGAAAGCAGCTTTAATCACCACCTGAACCCACGACAGCTATGATA	GCCGGTAAAACTCGTGCCAGC	CAAACTGGGATTAGATACCCCACTATG
KY078216	1028180	Eukaryota	Chordata	Actinopteri	Salmoniformes	Salmonidae	Thymallus	Thymallus_grubii	CACCGCGGTTATACGAGAGGCCCAAGTTGATAGTTACCGGCGTAAAGAGTGGTTATGGAATTATACTTAATAAAGCCGAACACCCCCTCAGCTGTCATACGCACCTGGGGGCACGAAGCTCCACTGCGAAAGCAGCTTTAATACCCCTGAACCCACGACAGCTATGAAA	GCCGGTAAAACTCGTGCCAGC	CAAACTGGGATTAGATACCCCACTATG
KT824877	348710	Eukaryota	Chordata	Actinopteri	Salmoniformes	Salmonidae	Coregonus	Coregonus_muksun	CACCGCGGTTATACGAGAGGCCCTAGTTGATAATCACCGGCGTAAAGAGTGGTTAGGAATTATATTTAATAAAGCCGAACACCCCCTTGGCTGTCATACGCACCTGGGGGCACGAAGCCCCACTGCGAAAGCAGCTTTAATCACCACCTGAACCCACGACAGCTATGATA	GCCGGTAAAACTCGTGCCAGC	CAAACTGGGATTAGATACCCCACTATG
KT867088	1767050	Eukaryota	Chordata	Actinopteri	Salmoniformes	Salmonidae	Thymallus	Thymallus_mertensii	CACCGCGGTTATACGAGAGGCCCAAGTTGATAGTTACCGGCGTAAAGAGTGGTTATGGAATAATACTTAATAAAGCCGAACACCCCCTCAGCTGTCATACGCACCTGGGGGCACGAAGCTCCACTGCGAAAGCAGCTTTAATACCCCTGAACCCACGACAGCTATGAAA	GCCGGTAAAACTCGTGCCAGC	CAAACTGGGATTAGATACCCCACTATG
KU530206	591250	Eukaryota	Chordata	Actinopteri	Salmoniformes	Salmonidae	Coregonus	Coregonus_chadary	CACCGCGGTTATACGAGAGGCCCTAGTTGATAATCACCGGCGTAAAGAGTGGTTAGGAATTATATTTAATAAAGCCGAACACCCCCTTGGCTGTCATACGCACCTGGGGGCACGAAGCCCCACTGCGAAAGCAGCTTTAATCACCACCTGAACCCACGACAGCTAGGACA	GCCGGTAAAACTCGTGCCAGC	CAAACTGGGATTAGATACCCCACTATG
KU674351	565044	Eukaryota	Chordata	Actinopteri	Salmoniformes	Salmonidae	Salvelinus	Salvelinus_kuznetzovi	CACCGCGGTTATACGAGAGGCCCTAGTTGATAACTACCGGCGTAAAGAGTGGTTACGGAAAAATGTTTAATAAAGCCGAACACCCCCTCAGCCGTCATACGCACCTGGGGGCACGAAGACCTACTGCGAAAGCAGCTTTAATTATACCCGAACCCACGACAGCTACGACA	GCCGGTAAAACTCGTGCCAGC	CAAACTGGGATTAGATACCCCACTATG
EF105342	412663	Eukaryota	Chordata	Actinopteri	Salmoniformes	Salmonidae	Oncorhynchus	Oncorhynchus_masou	CACCGCGGTTATACGAGAGGCCCTAGTTGATAACTACCGGCGTAAAGAGTGGTTATGGAAAATACTTGATAAAGCCGAACACTCCCTCAGCCGTCATACGCACCTGGAAGCACGAAGACCTACTGCGAAAGCAGCTTTAATTATGCCTGACCCCACGACAGCTAAGAAA	GCCGGTAAAACTCGTGCCAGC	CAAACTGGGATTAGATACCCCACTATG
EF455489	8017	Eukaryota	Chordata	Actinopteri	Salmoniformes	Salmonidae	Oncorhynchus	Oncorhynchus_gorbuscha	CACCGCGGTTATACGAGAGGCCCTAGTTGATAACTACCGGCGTAAAGAGTGGTTATGGAAAAATATTTAATAAAGCCGAACACCCCCTCAGCCGTCATACGCATCTGGGAGCACGAAGACCTACTGCGAAAGCAGCTTTAATTATGCCTGACCCCACGACAGCTAAGAAA	GCCGGTAAAACTCGTGCCAGC	CAAACTGGGATTAGATACCCCACTATG
EU643688	8030	Eukaryota	Chordata	Actinopteri	Salmoniformes	Salmonidae	Salmo	Salmo_salar	CACCGCGGTTATACGAGAGGCCCTAGTTGATAATTACCGGCGTAAAGAGTGGTTACGGAAAAATATTTAATAAAGCCGAACACCCCCTCAGCCGTCATACGCACCTGGGGGCACGAAGATCTACTACGAAAGCAGCTTTAATTATACCTGAACCCACGACAGCTACGACA	GCCGGTAAAACTCGTGCCAGC	CAAACTGGGATTAGATACCCCACTATG
EU643689	8030	Eukaryota	Chordata	Actinopteri	Salmoniformes	Salmonidae	Salmo	Salmo_salar	CACCGCGGTTATACGAGAGGCCCTAGTTGATAACTACCGGCGTAAAGAGTGGTTACGGAAAATATTTAATAAAGCCGAACACCCCCTCAGCCGTCATACGCACCTGGGGGCACGAAGATCTACTACGAAAGCAGCTTTAATTATACCTGAACCCACGACAGCTACGACA	GCCGGTAAAACTCGTGCCAGC	CAAACTGGGATTAGATACCCCACTATG
KT266870	83385	Eukaryota	Chordata	Actinopteri	Salmoniformes	Salmonidae	Salvelinus	Salvelinus_albus	CACCGCGGTTATACGAGAGGCCCTAGTTGATAACTACCGGCGTAAAGAGTGGTTACGGAAAAATGTTTAATAAAGCCGAACACCCCCTCAGCCGTCATACGCACCTGGGGGCACGAAGACCTACTGCGAAAGCAGCTTTAATTATACCCGAACCCACGACAGCTACGACA	GCCGGTAAAACTCGTGCCAGC	CAAACTGGGATTAGATACCCCACTATG
AY886762	72053	Eukaryota	Chordata	Actinopteri	Salmoniformes	Salmonidae	Oncorhynchus	Oncorhynchus_clarkii	CACCGCGGTTATACGAGAGGCCCTAGTTGATAACTACCGGCGTAAAGAGTGGTTATGGAAAAATATTTAATAAAGCCGAACACCCCCTCAGCCGTCATACGCACCTGGGAGCACGAAGACCTACTGCGAAAGCAGCTTTAACTATACCTGACCCCACGACAGCTAAGAAA	GCCGGTAAAACTCGTGCCAGC	CAAACTGGGATTAGATACCCCACTATG
MT667235	59862	Eukaryota	Chordata	Actinopteri	Salmoniformes	Salmonidae	Coregonus	Coregonus_hoyi	CACCGCGGTTATACGAGAGGCCCTAGTTGATAATCACCGGCGTAAAGAGTGGTTAGGAATTATATTTAATAAAGCCGAACACCCCCTTGGCTGTCATACGCACCTGGGGGCACGAAGCCCCACTGCGAAAGCAGCTTTAATCAACACCTGAACCCACGACAGCTATGACA	GCCGGTAAAACTCGTGCCAGC	CAAACTGGGATTAGATACCCCACTATG
MT789706	99804	Eukaryota	Chordata	Actinopteri	Salmoniformes	Salmonidae	Salmo	Salmo_trutta	CACCGCGGTTATACGAGAGACCCTAGTTGATAACTACCGGCGTAAAGAGTGGTTACGGGAAAATATTCAATAAAGCCGAACACCCCCTCAGCCGTCATACGCACCTGGGGACACGAAGATCTACTGCGAAAGCAGCTTTAACTATGCCTGAACCCACGACAGCTACGACA	GCCGGTAAAACTCGTGCCAGC	CAAACTGGGATTAGATACCCCACTATG
MT880675	8036	Eukaryota	Chordata	Actinopteri	Salmoniformes	Salmonidae	Salvelinus	Salvelinus_alpinus	CACCGCGGTTATACGAGAGACCCTAGTTGATAAATACCGGCGTAAAGAGTGGTTACGGAAAAATGTTTAATAAAGCCGAACACCCCCTCAGCCGTCATACGCACCTGGGGGCACGAAGACCTACTGCGAAAGCAGCTTTAATTGTACCCGAACCCACGACAGCTACGACA	GCCGGTAAAACTCGTGCCAGC	CAAACTGGGATTAGATACCCCACTATG
MW300334	64185	Eukaryota	Chordata	Actinopteri	Salmoniformes	Salmonidae	Oncorhynchus	Oncorhynchus_gilae	CACCGCGGTTATACGAGAGGCCCTAGTTGATAACTACCGGCGTAAAGAGTGGTTATGGAAAAATATTTAATAAAGCCGAACACCCCCTCAGCCGTCATACGCACCTGGGAGCACGAAGACCTACTGCGAAAGCAGCTTTAACTATGCCTGACCCCACGACAGCTAAGAAA	GCCGGTAAAACTCGTGCCAGC	CAAACTGGGATTAGATACCCCACTATG
MW300343	335690	Eukaryota	Chordata	Actinopteri	Salmoniformes	Salmonidae	Oncorhynchus	Oncorhynchus_clarkii	CACCGCGGTTATACGAGAGACCCTAGTTGATAACTACCGGCGTAAAGAGTGGTTATGGAAAAATATTTAATAGAGCCGAACACCCCCTCAGCCGTCATACGCACCTGGGAGCACGAAGACCTACTGCGAAAGCAGCTTTAACTGTACCTGACCCCACGACAGCTAAGAAA	GTCGGTAAAACTCGTGCCAGC	CAAACTGGGATTAGATACCCCACTATG
MW664923	359311	Eukaryota	Chordata	Actinopteri	Salmoniformes	Salmonidae	Salvelinus	Salvelinus_schmidti	CACCGCGGTTATACGAGAGGCCCTAGTTGATAACTACCGGCGTAAAGAGTGGTTACGGAAAAATGTTTAATAAAGCCGAACACCTCCTCAGCCGTCATACGCACCTGGGGGCACGAAGACCTACTGCGAAAGCAGCTTTAATTATACCCGAACCCACGACAGCTACGACA	GCCGGTAAAACTCGTGCCAGC	CAAACTGGGATTAGATACCCCACTATG
MZ571354	85062	Eukaryota	Chordata	Actinopteri	Salmoniformes	Salmonidae	Salvelinus	Salvelinus_alpinus	CACCGCGGTTATACGAGAGGCCCTAGTTGATAACTACCGGCGTAAAGAGTGGTTACGGAAAAATGTTTAATAAAGCCGAACACCCCCTCAGCCGTCATACGCACCTGGGGGCACGAAGACCTACTGCGAAAGCAGCTTTAATTATACCCGAACCCACGACAGCTACGACA	GCCGGTAAAACTCGTGCCAGC	CAAACTGGGATTAGATACCCCACTATG
MZ571352	152110	Eukaryota	Chordata	Actinopteri	Salmoniformes	Salmonidae	Salvelinus	Salvelinus_drjagini	CACCGCGGTTATACGAGAGGCCCTAGTTGATAACTACCGGCGTAAAGAGTGGTTACGGAAAAATGTTTAATAAAGCCGAACACCCCCTCAGCCGTCATACGCACCTGGGGGCACGAAGACCTACTGCGAAAGCAGCTTTAATTGTACCCGAACCCACGACAGCTACGACA	GCCGGTAAAACTCGTGCCAGC	CAAACTGGGATTAGATACCCCACTATG
MW632112	8032	Eukaryota	Chordata	Actinopteri	Salmoniformes	Salmonidae	Salmo	Salmo_trutta	CACCGCGGTTATACGAGAGACCCTAGTTGATAACTACCGGCGTAAAGAGTGGTTACGGAAAAATATTCAATAAAGCCGAACACCCCCTCAGCCGTCATACGCACCTGGGGGCACGAAGATCTACTGCGAAAGCAGCTTTAATTGTGCCTGAACCCACGACAGCTACGACA	GCCGGTAAAACTCGTGCCAGC	CAAACTGGGATTAGATACCCCACTATG
MW632109	8032	Eukaryota	Chordata	Actinopteri	Salmoniformes	Salmonidae	Salmo	Salmo_trutta	CACCGCGGTTATACGAGAGACCCTAGTTGATAACTACCGGCGTAAAGAGTGGTTACGGAAAGATATTCAATAAAGCCGAACACCCCCTCAGCCGTCATACGCACCTGGGGGCACGAAGATCTACTGCGAAAGCAGCTTTAATTATGCCTGAACCCACGACAGCTACGACA	GCCGGTAAAACTCGTGCCAGC	CAAACTGGGATTAGATACCCCACTATG
MW632106	8032	Eukaryota	Chordata	Actinopteri	Salmoniformes	Salmonidae	Salmo	Salmo_trutta	CACCGCGGTTATACGAGAGACCCTAGTTGATAACTACCGGCGTAAAGAGTGGTTACGGAAAAATATTTAATAAAGCCGAACACCCCCTCAGCCGTCATACGCACCTGGGGGCACGAAGATCTACTGCGAAAGCAGCTTTAATTATGCCTGAGCCCACGACAGCTACGACA	GCCGGTAAAACTCGTGCCAGC	CAAACTGGGATTAGATACCCCACTATG
LC717968	1278982	Eukaryota	Chordata	Actinopteri	Salmoniformes	Salmonidae	Oncorhynchus	Oncorhynchus_kawamurae	CACCGCGGTTATACGAGAGGCCCTAGTTGATAACTACCGGCGTAAAGAGTGGTTATGGAAAAATATTTAATAAAGCCGAACACCCCCTCAGCCGTCATACGCACCTGGGAGCACGAAGACCTACTGCGAAAGCAGCTTTAATTATGCCTGACCCCACGACAGCTAAGAAA	GCCGGTAAAACTCGTGCCAGC	CAAACTGGGATTAGATACCCCACTATG
OL806613	8037	Eukaryota	Chordata	Actinopteri	Salmoniformes	Salmonidae	Salvelinus	Salvelinus_confluentus	CACCGCGGTTATACGAGAGACCCTAGTTGATAAATACCGGCGTAAAGAGTGGTTACGGAAAAATGTTTAATAAAGCCGAACACCCCCTCAGCCGTCATACGCACCTGGGGGCACGAAGACCTACTGCGAAAGCAGCTTTAATTGTACCCGAACCCACGACAGCTACGACA	GCCGGTAAAACTCGTGCCAGC	CAAACTGGGATTAGATACCCCACTATG
OL806600	8023	Eukaryota	Chordata	Actinopteri	Salmoniformes	Salmonidae	Oncorhynchus	Oncorhynchus_nerka	CACCGCGGTTATACGAGAGGCCCTAGTTGATAACTACCGGCGTAAAGAGTGGTTATGGAAAATATTTAATAAAGCCGAACACCCCCTCAGCCGTCATACGCACCTGGGAGCACGAAGACCTACTGCGAAAGCAGCTTTAATTATGCCTGACCCCACGACAGCTAAGAAA	GCCGGTAAAACTCGTGCCAGC	CAAACTGGGATTAGATACCCCACTATG
OL457394	74940	Eukaryota	Chordata	Actinopteri	Salmoniformes	Salmonidae	Oncorhynchus	Oncorhynchus_tshawytscha	CACCGCGGTTATACGAGAGGCCCTAGTTGATAACTACCGGCGTAAAGAGTGGTTACGGAAAAATATTTAATAAAGCCGAACACCCCCTCAGCCGTCATACGCACCTGGGGGCACGAAGACCTACTGCGAAAGCAGCTTTAATTACACCTGACCCCACGACAGCTAAGAAA	GCCGGTAAAACTCGTGCCAGC	CAAACTGGGATTAGATACCCCACTATG
OK637263	8037	Eukaryota	Chordata	Actinopteri	Salmoniformes	Salmonidae	Salvelinus	Salvelinus_confluentus	CACCGCGGTTATACGAGAGGCCCTAGTTGATAAATACCGGCGTAAAGAGTGGTTACGGAAAAATGTTTAATAAAGCCGAACACCCCCTCAGCCGTCATACGCACCTGGGGGCACGAAGACCTACTGCGAAAGCAGCTTTAATTGTACCCGAACCCACGACAGCTACGACA	GCCGGTAAAACTCGTGCCAGC	CAAACTGGGATTAGATACCCCACTATG
OK623665	490388	Eukaryota	Chordata	Actinopteri	Salmoniformes	Salmonidae	Oncorhynchus	Oncorhynchus_clarkii	CACCGCGGTTATACGAGAGGCCCTAGTTGATAACTACCGGCGTAAAGAGTGGTTATGGAAAAATATTTAATAAAGCCGAACACCCCCTCAGCCGTCATACGCACCTGGGAGCACGAAGACCTACTGCGAAAGCAGCTTTAACTATGCCTGACCCCACGACAGCTAAGAAA	GCCGGTAAAACTCGTGCCAGC	CAAACTGGGATTAGATACCCCACTATG
OK336457	857570	Eukaryota	Chordata	Actinopteri	Salmoniformes	Salmonidae	Oncorhynchus	Oncorhynchus_mykiss	CACCGCGGTTATACGAGAGGCCCTAGTTGATAACTACCGGCGTAAAGAGTGGTTATGGAAAAATATTTAATAAAGCCGAACACCCCCTCAGCCGTCATACGCACCTGGGGGCACGAAGACCTACTGCGAAAGCAGCTTTAACTATGCCTGACCCCACGACAGCTAAGAAA	GCCGGTAAAACTCGTGCCAGC	CAAACTGGGATTAGATACCCCACTATG
OK679245	85063	Eukaryota	Chordata	Actinopteri	Salmoniformes	Salmonidae	Salvelinus	Salvelinus_malma	CACCGCGGTTATACGAGAGGCCCTAGTTGATAACTACCGGCGTAAAGAGTGGTTACGGAAAAATGTTTAATAAAGCCGAACACCTCCTCAGCCGTCATACGCACCTGGGGGCACGAAGACCTACTGCGAAAGCAGCTTTAATTATACCCGAACCCACGACAGCTACGACA	GCCGGTAAAACTCGTGCCAGC	CAAACTGGGATTAGATACCCCACTATG
OK679243	359312	Eukaryota	Chordata	Actinopteri	Salmoniformes	Salmonidae	Salvelinus	Salvelinus_kronocius	CACCGCGGTTATACGAGAGGCCCTAGTTGATAACTACCGGCGTAAAGAGTGGTTACGGAAAAATGTTTAATAAAGCCGAACACCTCCTCAGCCGTCATACGCACCTGGGGGCACGAAGACCTACTGCGAAAGCAGCTTTAATTATACCCGAACCCACGACAGCTACGACA	GCCGGTAAAACTCGTGCCAGC	CAAACTGGGATTAGATACCCCACTATG
OM362908	423371	Eukaryota	Chordata	Actinopteri	Salmoniformes	Salmonidae	Salvelinus	Salvelinus_malma	CACCGCGGTTATACGAGAGACCCTAGTTGATAACTACCGGCGTAAAGAGTGGTTACGGAAAAATGTTTAATAAAGCCGAACACCCCCTCAGCCGTCATACGCACCTGGGGGCACGAAGACCTACTGCGAAAGCAGCTTTAATTGTACCCGAACCCACGACAGCTACGACA	GCCGGTAAAACTCGTGCCAGC	CAAACTGGGATTAGATACCCCACTATG
OM362906	85065	Eukaryota	Chordata	Actinopteri	Salmoniformes	Salmonidae	Salvelinus	Salvelinus_malma	CACCGCGGTTATACGAGAGGCCCTAGTTGATAAATACCGGCGTAAAGAGTGGTTACGGAAAAATGTTTAATAAAGCCGAACACCCCCTCAGCCGTCATACGCACCTGGGGGCACGAAGACCTACTGCGAAAGCAGCTTTAATTGTACCCGAACCCACGACAGCTACGACA	GCCGGTAAAACTCGTGCCAGC	CAAACTGGGATTAGATACCCCACTATG
