LC049853	214486	Eukaryota	Chordata	Actinopteri	Perciformes	Sebastidae	Sebastes	Sebastes_schlegelii	CACCGCGGCTATACGAGAGACCCAAGTTGATACCATTCGGCGTAAAGAGTGGTTATGGAAAATAAAGACTAAAGCCGCACACCTTCAAAGCTGTTATACGCATCCGAAGGCTAGAAGATCAACCACGAAGGTAGCTTTACAACCCCTGACCCCACGAAAGCTCTGGCA	GCCGGTAAACCTCGTGCCAGC	CAAACTGGGATTAGATACCCCACTATG
LC493909	394708	Eukaryota	Chordata	Actinopteri	Perciformes	Sebastidae	Sebastes	Sebastes_viviparus	CACCGCGGCTATACGAGAGACCCAAGTTGATACCACCCGGCGTAAAGAGTGGTTATGGAAAATAAAGACTAAAGCCGCACACCTTCAAAGCTGTTATACGCATCCGAAGGCTAGAAGATCAACCACGAAGGTAGCTTTACAACCCCTGACCCCACGAAAGCTCTGGCA	GCCGGTAAAACTCGTGCCAGC	CAAACTGGGATTAGATACCCCACTATG
LC493910	394696	Eukaryota	Chordata	Actinopteri	Perciformes	Sebastidae	Sebastes	Sebastes_mentella	CACCGCGGCTATACGAGAGACCCAAGTTGATACCATCCGGCGTAAAGAGTGGTTATGGAAAATAAAGACTAAAGCCGCACACCTTCAAAGCTGTTATACGCATCCGAAGGCTAGAAGATCAACCACGAAGGTAGCTTTACAACCCCTGACCCCACGAAAGCTCTGGCA	GCCGGTAAAACTCGTGCCAGC	CAAACTGGGATTAGATACCCCACTATG
LC605003	1508065	Eukaryota	Chordata	Actinopteri	Perciformes	Sebastidae	Sebastes	Sebastes_ventricosus	CACCGCGGCTATACGAGAGACCCAAGTTGATACCATTCGGCGTAAAGAGTGGTTATGGAAAATAAAGACTAAAGCCGCACACCTTCAAAGCTGTTATACGCATCCGAAGGCTAGAAGATCAACCACGAAGGTAGCTTTACAACCCCTGACCCCACGAAAGCTCTGGCA	GCCGGTAAAACTCGTGCCAGC	CAAACTGGGATTAGATACCCCACTATG
LC630824	201706	Eukaryota	Chordata	Actinopteri	Perciformes	Sebastidae	Sebastes	Sebastes_pachycephalus	CACCGCGGCTATACGAGAGACCCAAGTTGATACCATTCGGCGTAAAGAGTGGTTATGGAAAATAAAGACTAAAGCCGCACACCTTCAAAGCTGTTATACGCATCCGAAGGCTAGAAGATCAACCACGAAGGTAGCTTTACAACCCCTGACCCCACGAAAGCTCTGGCA	GCCGGTAAACCTCGTGCCAGC	CAAACTGGGATTAGATACCCCACTATG
MN218776	72091	Eukaryota	Chordata	Actinopteri	Perciformes	Sebastidae	Sebastes	Sebastes_oculatus	CACCGCGGCTATACGAGAGACCCAAGTTGATACCATTCGGCGTAAAGAGTGGTTATGGAAAATAAAGACTAAAGCCGCACACCTTCAAAGCTGTTATACGCATCCGAAGGCTAGAAGATCAACCACGAAGGTAGCTTTACAACCCCTGACCCCACGAAAGCTCTGGCA	GCCGGTAAAACTCGTGCCAGC	CAAACTGGGATTAGATACCCCACTATG
MZ420215	72065	Eukaryota	Chordata	Actinopteri	Perciformes	Sebastidae	Sebastes	Sebastes_ciliatus	CACCGCGGCTATACGAGAGACCCAAGTTGATACCATTCGGCGTAAAGAGTGGTTATGGAAAATAGAGACTAAAGCCGCACACCTTCAAAGCTGTTATACGCATCCGAAGGCTAGAAGATCAACCACGAAGGTAGCTTTACAACCCCTGACCCCACGAAAGCTCTGGCA	GCCGGTAAAACTCGTGCCAGC	CAAACTGGGATTAGATACCCCACTATG
OK048741	72085	Eukaryota	Chordata	Actinopteri	Perciformes	Sebastidae	Sebastes	Sebastes_melanops	CACCGCGGCTATACGAGAGACCCAAGTTGATACCATTCGGCGTAAAGAGTGGTTATGGAAAATAAAGACTAAAGCCGCACACCTTCAAAGCTGTTATACGCATCCGAAGGCTAGAAGATCAACCACGAAGGTAGCTTTACAACCCCTGACCCCACGAAAGCTCTGGCA	GCCGGTAAAACTCGTGCCAGC	CAAACTGGGATTAGATACCCCACTATG
OK048742	394707	Eukaryota	Chordata	Actinopteri	Perciformes	Sebastidae	Sebastes	Sebastes_variabilis	CACCGCGGCTATACGAGAGACCCAAGTTGATACCATTCGGCGTAAAGAGTGGTTATGGAAAATAGAGACTAAAGCCGCACACCTTCAAAGCTGTTATACGCATCCGAAGGCTAGAAGATCAACCACGAAGGTAGCTTTACAACCCCTGACCCCACGAAAGCTCTGGCA	GCCGGTAAAACTCGTGCCAGC	CAAACTGGGATTAGATACCCCACTATG
KF561237	290523	Eukaryota	Chordata	Actinopteri	Perciformes	Sebastidae	Sebastes	Sebastes_koreanus	CACCGCGGCTATACGAGAGACCCAAGTTGATACCATTCGGCGTAAAGAGTGGTTATGGAAAATAAAGACTAAAGCCGCACACCCTCAAAGCTGTTATACGCATCCGAAGGCTAGAAGATCAACCACGAAGGTAGCTTTACAACCCCTGACCCCACGAAAGCTCTGGCA	GCCGGTAAACCTCGTGCCAGC	CAAACTGGGATTAGATACCCCACTATG
KF725093	160818	Eukaryota	Chordata	Actinopteri	Perciformes	Sebastidae	Sebastes	Sebastes_inermis	CACCGCGGCTATACGAGAGACCCAAGTTGATACCATTCGGCGTAAAGAGTGGTTATGGAAAATAAAGACTAAAGCCGCACACCTTCAAAGCTGTTATACGCATCCGAAGGCTAGAAGATCAACCACGAAGGTAGCTTTACAACCCCTGACCCCACGAAAGCTCTGGCA	GCCGGTAAAACTCGTGCCAGC	CAAACTGGGATTAGATACCCCACTATG
KF836441	201705	Eukaryota	Chordata	Actinopteri	Perciformes	Sebastidae	Sebastes	Sebastes_oblongus	CACCGCGGCTATACGAGAGACCCAAGTTGATACCATTCGGCGTAAAGAGTGGTTATGGAAAATAAAGACTAAAGCCGCACACCCTCAAAGCTGTTATACGCATCCGAAGGTTAGAAGATCAACCACGAAGGTAGCTTTACAACCCCTGACCCCACGAAAGCTCTGGCA	GCCGGTAAACCTCGTGCCAGC	CAAACTGGGATTAGATACCCCACTATG
KJ525743	201710	Eukaryota	Chordata	Actinopteri	Perciformes	Sebastidae	Sebastes	Sebastes_vulpes	CACCGCGGCTATACGAGAGACCCAAGTTGATACCATTCGGCGTAAAGAGTGGTTATGGAAAACAAAGACTAAAGCCGCACACCTTCAAAGCTGTTATACGCATCCGAAGGCTAGAAGATCAACCACGAAGGTAGCTTTACAACCCCTGACCCCACGAAAGCTCTGGCA	GCCGGTAAAACTCGTGCCAGC	CAAACTGGGATTAGATACCCCACTATG
KJ525744	201709	Eukaryota	Chordata	Actinopteri	Perciformes	Sebastidae	Sebastes	Sebastes_taczanowskii	CACCGCGGCTATACGAGAGACCCAAGTTGATACCATTCGGCGTAAAGAGTGGTTATGGAAAATAAAGACTAAAGCCGCACACCTTCAAAGCTGTTATACGCATCCGAAGGCTAGAAGATCAACCACGAAGGTAGCTTTACAACCCCTGACCCCACGAAAGCTCTGGCA	GCCGGTAAACCTCGTGCCAGC	CAAACTGGGATTAGATACCCCACTATG
KJ525745	201703	Eukaryota	Chordata	Actinopteri	Perciformes	Sebastidae	Sebastes	Sebastes_hubbsi	CACCGCGGCTATACGAGAGACCCAAGTTGATACCATTCGGCGTAAAGAGTGGTTATGGAAAATAAAGACTAAAGCCGCACACCTTCAAAGCTGTTATACGCATCCGAAGGCTAGAAGATCAACCACGAAGGTAGCTTTACAACCCCTGACCCCACGAAAGCTCTGGCA	GCCGGTAAACCTCGTGCCAGC	CAAACTGGGATTAGATACCCCACTATG
MH378776	72099	Eukaryota	Chordata	Actinopteri	Perciformes	Sebastidae	Sebastes	Sebastes_rubrivinctus	CACCGCGGCTATACGAGAGACCCAAGTTGATACCATTCGGCGTAAAGAGTGGTTATGGAAAATAAAGACTAAAGCCGCACACCTTCAAAGCTGTTATACGCATCCGAAGGCTAGAAGATCAACCACGAAGGTAGCTTTACAACCCCTGACCCCACGAAAGCTCTGGCA	GCCGGTAAAACTCGTGCCAGC	CAAACTGGGATTAGATACCCCACTATG
MH378778	72089	Eukaryota	Chordata	Actinopteri	Perciformes	Sebastidae	Sebastes	Sebastes_nigrocinctus	CACCGCGGCTATACGAGAGACCCAAGTTGATACCATTCGGCGTAAAGAGTGGTTATGGAAAATAAAAACTAAAGCCGCACACCTTCAAAGCTGTTATACGCATCCGAAGGCTAGAAGATCAACCACGAAGGTAGCTTTACAACCCCTGACCCCACGAAAGCTCTGGCA	GCCGGTAAAACTCGTGCCAGC	CAAACTGGGATTAGATACCCCACTATG
MH378779	201708	Eukaryota	Chordata	Actinopteri	Perciformes	Sebastidae	Sebastes	Sebastes_steindachneri	CACCGCGGCTATACGAGAGACCCAAGTTGATACCATTCGGCGTAAAGAGTGGTTATGGAAAATAAAGACTAAAGCCGCACACCTTCAAAGCTGTTATACGCATCCGAAGGCTAGAAGATCAACCACGAAGGTAGCTTTACAACCCTTGACCCCACGAAAGCTCTGGCA	GCCGGTAAAACTCGTGCCAGC	CAAACTGGGATTAGATACCCCACTATG
MH378780	394695	Eukaryota	Chordata	Actinopteri	Perciformes	Sebastidae	Sebastes	Sebastes_melanostictus	CACCGCGGCTATACGAGAGACCCAAGTTGATACCATTCGGCGTAAAGAGTGGTTATGGAAAATAAAGACTAAAGCCGCACACCTTCAAAGCTGTTATACGCATCCGAAGGCTAGAAGATCAACCACGAAGGTAGCTTTACAACCCCTGACCCCACGAAAGCTCTGGCA	GCCGGTAAAACTCGTGCCAGC	CAAACTGGGATTAGATACCCCACTATG
MH378782	214483	Eukaryota	Chordata	Actinopteri	Perciformes	Sebastidae	Sebastes	Sebastes_minor	CACCGCGGCTATACGAGAGACCCAAGTTGATACCATTCGGCGTAAAGAGTGGTTATGGAAAACAAAGACTAAAGCCGCACACCTTCAAAGCTGTTATACGCATCCGAAGGTTAGAAGATCAATCACGAAGGTAGCTTTACAACCCCTGACCCCACGAAAGCTCTGGCA	GCCGGTAAAACTCGTGCCAGC	CAAACTGGGATTAGATACCCCACTATG
KJ834060	201708	Eukaryota	Chordata	Actinopteri	Perciformes	Sebastidae	Sebastes	Sebastes_steindachneri	CACCGCGGCTATACGAGAGACCCAAGTTGATACCATTCGGCGTAAAGAGTGGTTATGGAAAATAAAGACTAAAGCCGCACACCTTCAAAGCTGTTATACGCATCCGAAGGCTAGAAGATCAACCACGAAGGTAGCTTTACAACCCCTGACCCCACGAAAGCTCTGGCA	GCCGGTAAAACTCGTGCCAGC	CAAACTGGGATTAGATACCCCACTATG
KJ834061	290524	Eukaryota	Chordata	Actinopteri	Perciformes	Sebastidae	Sebastes	Sebastes_longispinis	CACCGCGGCTATACGAGAGACCCAAGTTGATACCATTCGGCGTAAAGAGTGGTTATGGAAAATAAAGACTAAAGCCGCACACCTTCAAAGCTGTTATACGCATCCGAAGGCTAGAAGATCAACCACGAAGGTAGCTTTACAACCCCTGACCCCACGAAAGCTCTGGCA	GCCGGTAAACCTCGTGCCAGC	CAAACTGGGATTAGATACCCCACTATG
KJ834062	214487	Eukaryota	Chordata	Actinopteri	Perciformes	Sebastidae	Sebastes	Sebastes_trivittatus	CACCGCGGCTATACGAGAGACCCAAGTTGATACCATTCGGCGTAAAGAGTGGTTATGGAAAACAAAGACTAAAGCCGCACACCTTCAAAGCTGTTATACGCATCCGAAGGCTAGAAGATCAACCACGAAGGTAGCTTTACAACCCCTGACCCCACGAAAGCTCTGGCA	GCCGGTAAAACTCGTGCCAGC	CAAACTGGGATTAGATACCCCACTATG
KJ834063	160819	Eukaryota	Chordata	Actinopteri	Perciformes	Sebastidae	Sebastes	Sebastes_owstoni	CACCGCGGCTATACGAGAGACCCAAGTTGATACCATTCGGCGTAAAGAGTGGTTATGGAAAATAAAGACTAAAGCCGCACACCTTCAAAGCTGTTATACGCATCCGAAGGCTAGAAGATCAACCACGAAGGTAGCTTTACAACCCCTGACCCCACGAAAGCTCTGGCA	GCCGGTAAACCTCGTGCCAGC	CAAACTGGGATTAGATACCCCACTATG
KJ834064	105747	Eukaryota	Chordata	Actinopteri	Perciformes	Sebastidae	Sebastes	Sebastes_thompsoni	CACCGCGGCTATACGAGAGACCCAAGTTGATACCATTCGGCGTAAAGAGTGGTTATGGAAAATAAAGACTAAAGCCGCACACCTTCAAAGCTGTTATACGCATCCGAAGGCTAGAAGATCAACCACGAAGGTAGCTTTACAACCCCTGACCCCACGAAAGCTCTGGCA	GCCGGTAAAACTCGTGCCAGC	CAAACTGGGATTAGATACCCCACTATG
KX897946	394691	Eukaryota	Chordata	Actinopteri	Perciformes	Sebastidae	Sebastes	Sebastes_fasciatus	CACCGCGGCTATACGAGAGACCCAAGTTGATACCATCCGGCGTAAAGAGTGGTTATGGAAAATAAAGACTAAAGCCGTACACCTTCAAAGCTGTTATACGCATCCGAAGGCTAGAAGATCAACCACGAAGGTAGCTTTACAACCCCTGACCCCACGAAAGCTCTGGCA	GCCGGTAAAACTCGTGCCAGC	CAAACTGGGATTAGATACCCCACTATG
LC708230	201704	Eukaryota	Chordata	Actinopteri	Perciformes	Sebastidae	Sebastes	Sebastes_matsubarae	CACCGCGGCTATACGAGAGACCCAAGTTGATACCATTCGGCGTAAAGAGTGGTTATGGAAAATAAAAACTAAAGCCGCACACCTTCAAAGCTGTTATACGCATCCGAAGGCTAGAAGACCAACCACGAAGGTAGCTTTACAACCCCTGACCCCACGAAAGCTCTGGCA	GCCGGTAAAACTCGTGCCAGC	CAAACTGGGATTAGATACCCCACTATG
EU008930	72098	Eukaryota	Chordata	Actinopteri	Perciformes	Sebastidae	Sebastes	Sebastes_ruberrimus	CACCGCGGCTATACGAGAGACCCAAGTTGATACCATTCGGCGTAAAGAGTGGTTATGGAAAATAAAGACTAAAGCCGCACACCTTCAAAGCTGTTATACGCATCCGAAGGCTAGAAGATCAACCACGAAGGTAGCTTTACAACCCCTGACCCCACGAAAGCTCTGGCA	GCCGGTAAAACTCGTGCCAGC	CAAACTGGGATTAGATACCCCACTATG
AY491978	214486	Eukaryota	Chordata	Actinopteri	Perciformes	Sebastidae	Sebastes	Sebastes_schlegelii	CACCGCGGCTATACGAGAGACCCAAGTTGATACCATTCGGCGTAAAGAGTGGTTATGGAAAATAAAGACTAAAGCCGCACACCTTCAAAGCTGTTATACGCATCCGGAGGCTAGAAGGTCAACCACGAAGGTAGCTTTACAACCCCTGACCCCACGAAAGCTCTGGCA	GCCGGTAAACCTCGTGCCAGC	CAAACTGGGATTAGATACCCCACTATG
MW630168	72070	Eukaryota	Chordata	Actinopteri	Perciformes	Sebastidae	Sebastes	Sebastes_elongatus	CACCGCGGCTATACGAGAGACCCAAGTTGATACCATTCGGCGTAAAGAGTGGTTATGGAAAATAAAGACTAAAGCCGCACACCTTCAAAGCTGTTATACGCATCCGAAGGCTAGAAGATCAACCACGAAGGTAGCTTTACAACCCCTGACCCCACGAAAGCTCTGGCA	GCCGGTAAAACTCGTGCCAGC	CAAACTGGGATTAGATACCCCACTATG
MW846222	72084	Eukaryota	Chordata	Actinopteri	Perciformes	Sebastidae	Sebastes	Sebastes_maliger	CACCGCGGCTATACGAGAGACCCAAGTTGATACCATTCGGCGTAAAGAGTGGTTATGGAAAATAAATACTAAAGCCGCACACCTTCAAAGCTGTTATACGCATCCGAAGGTTAGAAGACCAACCACGAAGGTAGCTTTACAACCCCTGACCCCACGAAAGCTCTGGCA	GCCGGTAAAACTCGTGCCAGC	CAAACTGGGATTAGATACCCCACTATG
MW846223	394699	Eukaryota	Chordata	Actinopteri	Perciformes	Sebastidae	Sebastes	Sebastes_norvegicus	CACCGCGGCTATACGAGAGACCCAAGTTGATACCACCCGGCGTAAAGAGTGGTTATGGAAAATAAAGACTAAAGCCGCACACCTTCAAAGCTGTTATACGCATCCGAAGGCTAGAAGATCAACCACGAAGGTAGCTTTACAACCCCTGACCCCACGAAAGCTCTGGCA	GCCGGTAAAACTCGTGCCAGC	CAAACTGGGATTAGATACCCCACTATG
OL806594	72063	Eukaryota	Chordata	Actinopteri	Perciformes	Sebastidae	Sebastes	Sebastes_caurinus	CACCGCGGCTATACGAGAGACCCAAGTTGATACCATTCGGCGTAAAGAGTGGTTATGGAAAATAAATACTAAAGCCGCACACCTTCAAAGCTGTTATACGCATCCGAAGGTTAGAAGACCAACCACGAAGGTAGCTTTACAACCCCTGACCCCACGAAAGCTCTGGCA	GCCGGTAAAACTCGTGCCAGC	CAAACTGGGATTAGATACCCCACTATG
LC729887	160818	Eukaryota	Chordata	Actinopteri	Perciformes	Sebastidae	Sebastes	Sebastes_inermis	CACCGCGGCTATACGAGAGACCCAAGTTGATACCATTCGGCGTAAAGAGTGGTTATGGAAAATAAAAACTAAAGCCGCACACCTTCAAAGCTGTTATACGCATCCGAAGGCTAGAAGATCAACCACGAAGGTAGCTTTACAACCCCTGACCCCACGAAAGCTCTGGCA	GCCGGTAAAACTCGTGCCAGC	CAAACTGGGATTAGATACCCCACTATG
LC731313	1738870	Eukaryota	Chordata	Actinopteri	Perciformes	Sebastidae	Sebastes	Sebastes_cheni	CACCGCGGCTATACGAGAGACCCAAGTTGATACCATTCGGCGTAAAGAGTGGTTATGGAAAATAAAGACTAAAGCCGCACACCTTCAAAGCTGTTATACGCATCCGAAGGCTAGAAGATCAACCACGAAGGTAGCTTTACAACCCCTGACCCCACGAAAGCTCTGGCA	GCCGGTAAAACTCGTGCCAGC	CAAACTGGGATTAGATACCCCACTATG
OP035291	72075	Eukaryota	Chordata	Actinopteri	Perciformes	Sebastidae	Sebastes	Sebastes_exsul	CACCGCGGCTATACGAGAGACCCAAGTTGATACCATTCGGCGTAAAGAGTGGTTATGGAAAATAAAGACTAAAGCCGCACACCTTCAAAGCTGTTATACGCATCCGAAGGCTAGAAGATCAACCACGAAGGTAGCTTTACAACCCCTGACCCCACGAAAGCTCTGGCA	GCCGGTAAAACTCGTGCCAGC	CAAACTGGGATTAGATACCCCACTATG
OP035284	394693	Eukaryota	Chordata	Actinopteri	Perciformes	Sebastidae	Sebastes	Sebastes_macdonaldi	CACCGCGGCTATACGAGAGACCCAAGTTGATACCATTCGGCGTAAAGAGTGGTTATGGAAAATAAAGACTAAAGCCGCACACCTCCAAAGCTGTTATACGCATCCGAAGGCTAGAAGATCAACCACGAAGGTAGCTTTACAACCCCTGACCCCACGAAAGCTCTGGCA	GCCGGTAAAACTCGTGCCAGC	CAAACTGGGATTAGATACCCCACTATG
OP035269	72074	Eukaryota	Chordata	Actinopteri	Perciformes	Sebastidae	Sebastes	Sebastes_eos	CACCGCGGCTATACGAGAGACCCAAGTTGATACCATTCGGCGTAAAGAGTGGTTATGGAAAATAAAGACTAAAGCCGCACACCTTCAAAGCTGTTATACGCATCCGAAGGCTAGAAGATCAACCACGAAGGTAGCTTTACAACCCCTGACCCCACGAAAGCTCTGGCA	GCCGGTAAAACTCGTGCCAGC	CAAACTGGGATTAGATACCCCACTATG
OP035263	72067	Eukaryota	Chordata	Actinopteri	Perciformes	Sebastidae	Sebastes	Sebastes_crameri	CACCGCGGCTATACGAGAGACCCAAGTTGATACCATTCGGCGTAAAGAGTGGTTATGGAAAATAGAGACTAAAGCCGCACACCTTCAAAGCTGTTATACGCATCCGAAGGCTAGAAGATCAACCACGAAGGTAGCTTTACAACCCCTGACCCCACGAAAGCTCTGGCA	GCCGGTAAAACTCGTGCCAGC	CAAACTGGGATTAGATACCCCACTATG
OP035249	201702	Eukaryota	Chordata	Actinopteri	Perciformes	Sebastidae	Sebastes	Sebastes_glaucus	CACCGCGGCTATACGAGAGACCCAAGTTGATACCATTCGGCGTAAAGAGTGGTTATGGAAAATAAAAACTAAAGCCGCACACCTTCAAAGCTGTTATACGCATCCGAAGGCTAGAAGATCAACCACGAAGGTAGCTTTACAACCCCTGACCCCACGAAAGCTCTGGCA	GCCGGTAAAACTCGTGCCAGC	CAAACTGGGATTAGATACCCCACTATG
OP035238	72103	Eukaryota	Chordata	Actinopteri	Perciformes	Sebastidae	Sebastes	Sebastes_simulator	CACCGCGGCTATACGAGAGACCCAAGTTGATACCATTCGGCGTAAAGAGTGGTTATGGAAAATAAAGACTAAAGCCGCACACCTTCAAAGCTGTTATACGCATCCGAAGGCTAGAAGATCAACCACGAAGGTAGCTTTACAACCCCTGACCCCACGAAAGCTCTGGCA	GCCGGTAAAACTCGTGCCAGC	CAAACTGGGATTAGATACCCCACTATG
OP035173	72094	Eukaryota	Chordata	Actinopteri	Perciformes	Sebastidae	Sebastes	Sebastes_pinniger	CACCGCGGCTATACGAGAGACCCAAGTTGATACCATTCGGCGTAAAGAGTGGTTATGGAAGATAAAGACTAAAGCCGCACACCTTCAAAGCTGTTATACGCATCCGAAGGCTAGAAGATCAACCACGAAGGTAGCTTTACAACCCCTGACCCCACGAAAGCTCTGGCA	GCCGGTAAAACTCGTGCCAGC	CAAACTGGGATTAGATACCCCACTATG
OP035142	394690	Eukaryota	Chordata	Actinopteri	Perciformes	Sebastidae	Sebastes	Sebastes_dallii	CACCGCGGCTATACGAGAGACCCAAGTTGATACCATTCGGCGTAAAGAGTGGTTATGGAAAATAAAGACTAAAGCCGCACACCTTCAAAGCTGTTATACGCATCCGAAGGTTAGAAGACCAACCACGAAGGTAGCTTTACAACCCCTGACCCCACGAAAGCTCTGGCA	GCCGGTAAAACTCGTGCCAGC	CAAACTGGGATTAGATACCCCACTATG
OP035099	72092	Eukaryota	Chordata	Actinopteri	Perciformes	Sebastidae	Sebastes	Sebastes_ovalis	CACCGCGGCTATACGAGAGACCCAAGTTGATACCATTCGGCGTAAAGAGTGGTTATGGAAAATAAAGACTAAAGCCGCACACCTTCAAAGCTGTTATACGCATCCGAAGGCTAGAAGATCAACCACGAAGGTAGCTTTACAACCCCTGACCCCACGAAAGCTCTGGCA	GCCGGTAAAACTCGTGCCAGC	CAAACTGGGATTAGATACCCCACTATG
OP035093	72079	Eukaryota	Chordata	Actinopteri	Perciformes	Sebastidae	Sebastes	Sebastes_helvomaculatus	CACCGCGGCTATACGAGAGACCCAAGTTGATACCATTCGGCGTAAAGAGTGGTTATGGAAAATAAAGACTAAAGCCGCACACCTTCAAAGCTGTTATACGCATCCGAAGGCTAGAAGATCAACCACGAAGGTAGCTTTACAACCCCTGACCCCACGAAAGCTCTGGCA	GCCGGTAAAACTCGTGCCAGC	CAAACTGGGATTAGATACCCCACTATG
