"","version","compare_name"
"1","eDNA, top 500","Abalistes filamentosus"
"2","eDNA, top 500","Abalistes stellatus"
"3","eDNA, top 500","Acanthochromis polyacanthus"
"4","eDNA, top 500","Acanthopsetta nadeshnyi"
"5","eDNA, top 500","Acanthostracion polygonium"
"6","eDNA, top 500","Acentrogobius audax"
"7","eDNA, top 500","Acentrogobius moloanus"
"8","eDNA, top 500","Acentrogobius multifasciatus"
"9","eDNA, top 500","Achoerodus viridis"
"10","eDNA, top 500","Achondrostoma oligolepis"
"11","eDNA, top 500","Acrossocheilus fasciatus"
"12","eDNA, top 500","Acrossocheilus parallens"
"13","eDNA, top 500","Agonomalus jordani"
"14","eDNA, top 500","Agonomalus proboscidalis"
"15","eDNA, top 500","Agonus cataphractus"
"16","eDNA, top 500","Alburnoides bipunctatus"
"17","eDNA, top 500","Alburnus alburnus"
"18","eDNA, top 500","Alburnus chalcoides"
"19","eDNA, top 500","Alcichthys elongatus"
"20","eDNA, top 500","Alectrias alectrolophus"
"21","eDNA, top 500","Alectrias benjamini"
"22","eDNA, top 500","Alepocephalus agassizii"
"23","eDNA, top 500","Alepocephalus australis"
"24","eDNA, top 500","Alepocephalus bairdii"
"25","eDNA, top 500","Alepocephalus bicolor"
"26","eDNA, top 500","Alepocephalus longiceps"
"27","eDNA, top 500","Alepocephalus productus"
"28","eDNA, top 500","Alepocephalus umbriceps"
"29","eDNA, top 500","Algansea lacustris"
"30","eDNA, top 500","Alosa aestivalis"
"31","eDNA, top 500","Alosa alabamae"
"32","eDNA, top 500","Alosa alosa"
"33","eDNA, top 500","Alosa fallax"
"34","eDNA, top 500","Alosa mediocris"
"35","eDNA, top 500","Alosa pseudoharengus"
"36","eDNA, top 500","Altrichthys azurelineatus"
"37","eDNA, top 500","Amazonsprattus scintilla"
"38","eDNA, top 500","Ambloplites rupestris"
"39","eDNA, top 500","Amblygobius nocturnus"
"40","eDNA, top 500","Ameiurus melas"
"41","eDNA, top 500","Ameiurus nebulosus"
"42","eDNA, top 500","Amoya signata"
"43","eDNA, top 500","Amphilophus amarillo"
"44","eDNA, top 500","Amphiprion akallopisos"
"45","eDNA, top 500","Amphiprion chrysogaster"
"46","eDNA, top 500","Amphiprion ephippium"
"47","eDNA, top 500","Anarhichas denticulatus"
"48","eDNA, top 500","Anarhichas lupus"
"49","eDNA, top 500","Anarhichas minor"
"50","eDNA, top 500","Andinoacara pulcher"
"51","eDNA, top 500","Andriashevia sp. CBM:ZF:16351-1"
"52","eDNA, top 500","Anguilla reinhardtii"
"53","eDNA, top 500","Anisarchus macrops"
"54","eDNA, top 500","Anodontostoma chacunda"
"55","eDNA, top 500","Anomalops katoptron"
"56","eDNA, top 500","Antennarius sp. RGIP_2984"
"57","eDNA, top 500","Antigonia rubescens"
"58","eDNA, top 500","Anyperodon leucogrammicus"
"59","eDNA, top 500","Apeltes quadracus"
"60","eDNA, top 500","Aptocyclus ventricosus"
"61","eDNA, top 500","Arctogadus glacialis"
"62","eDNA, top 500","Arctoscopus japonicus"
"63","eDNA, top 500","Argentina kagoshimae"
"64","eDNA, top 500","Argentina silus"
"65","eDNA, top 500","Argentina sphyraena"
"66","eDNA, top 500","Argyrocottus zanderi"
"67","eDNA, top 500","Argyrops bleekeri"
"68","eDNA, top 500","Argyrops filamentosus"
"69","eDNA, top 500","Argyrops spinifer"
"70","eDNA, top 500","Artediellus atlanticus"
"71","eDNA, top 500","Artediellus dydymovi"
"72","eDNA, top 500","Artediellus neyelovi"
"73","eDNA, top 500","Artediellus scaber"
"74","eDNA, top 500","Artediellus uncinatus"
"75","eDNA, top 500","Askoldia variegata"
"76","eDNA, top 500","Asprocottus pulcher"
"77","eDNA, top 500","Astrocottus matsubarae"
"78","eDNA, top 500","Astrocottus regulus"
"79","eDNA, top 500","Astronesthes indopacificus"
"80","eDNA, top 500","Astronesthes sp. CBM DNA No. 2015-229"
"81","eDNA, top 500","Astronesthes sp. CBM:ZF:14326"
"82","eDNA, top 500","Astronesthes sp. CBM:ZF:14679"
"83","eDNA, top 500","Astronesthes sp. CBM:ZF:15526"
"84","eDNA, top 500","Astronesthes sp. HUMZ:214176"
"85","eDNA, top 500","Astyanax altiparanae"
"86","eDNA, top 500","Astyanax bimaculatus"
"87","eDNA, top 500","Astyanax lacustris"
"88","eDNA, top 500","Atherinomorus regina"
"89","eDNA, top 500","Aulacocephalus temminckii"
"90","eDNA, top 500","Aurigequula fasciata"
"91","eDNA, top 500","Badis sp. CBM:ZF:14808"
"92","eDNA, top 500","Bagarius yarrelli"
"93","eDNA, top 500","Balistes capriscus"
"94","eDNA, top 500","Balistes punctatus"
"95","eDNA, top 500","Balistes vetula"
"96","eDNA, top 500","Balistoides viridescens"
"97","eDNA, top 500","Barbatula nuda"
"98","eDNA, top 500","Barbatula sp. YW-2106"
"99","eDNA, top 500","Barbucca diabolica"
"100","eDNA, top 500","Bathygobius petrophilus"
"101","eDNA, top 500","Bathylagichthys greyae"
"102","eDNA, top 500","Bathytroctes breviceps"
"103","eDNA, top 500","Bathytroctes michaelsarsi"
"104","eDNA, top 500","Bathytroctes microlepis"
"105","eDNA, top 500","Batrachocottus baicalensis"
"106","eDNA, top 500","Batrachocottus multiradiatus"
"107","eDNA, top 500","Batrachocottus nikolskii"
"108","eDNA, top 500","Batrachocottus talievi"
"109","eDNA, top 500","Beaufortia kweichowensis"
"110","eDNA, top 500","Beaufortia pingi"
"111","eDNA, top 500","Bero elegans"
"112","eDNA, top 500","Beryx mollis"
"113","eDNA, top 500","Beryx sp."
"114","eDNA, top 500","Biwia zezera"
"115","eDNA, top 500","Bodianus axillaris"
"116","eDNA, top 500","Boleophthalmus pectinirostris"
"117","eDNA, top 500","Boleophthalmus sp. JZ-2015"
"118","eDNA, top 500","Borostomias sp. CBM:ZF:14766"
"119","eDNA, top 500","Bothragonus occidentalis"
"120","eDNA, top 500","Bothrocarina microcephala"
"121","eDNA, top 500","Bothrocarina nigrocaudata"
"122","eDNA, top 500","Botia almorhae"
"123","eDNA, top 500","Botia dario"
"124","eDNA, top 500","Botia histrionica"
"125","eDNA, top 500","Botia lohachata"
"126","eDNA, top 500","Botia rostrata"
"127","eDNA, top 500","Brachionichthys hirsutus"
"128","eDNA, top 500","Brachymystax lenok"
"129","eDNA, top 500","Brachymystax tumensis"
"130","eDNA, top 500","Brachyopsis segaliensis"
"131","eDNA, top 500","Brachypterois serrulifer"
"132","eDNA, top 500","Brevoortia gunteri"
"133","eDNA, top 500","Brevoortia patronus"
"134","eDNA, top 500","Brevoortia tyrannus"
"135","eDNA, top 500","Brosme brosme"
"136","eDNA, top 500","Brotula sp. KAUM:I:88883"
"137","eDNA, top 500","Bryaninops yongei"
"138","eDNA, top 500","Brycon henni"
"139","eDNA, top 500","Buglossidium luteum"
"140","eDNA, top 500","Butis humeralis"
"141","eDNA, top 500","Butis sp. HYW-2001"
"142","eDNA, top 500","Caffrogobius gilchristi"
"143","eDNA, top 500","Callogobius maculipinnis"
"144","eDNA, top 500","Callogobius sclateri"
"145","eDNA, top 500","Callogobius sp. KAUM:I:104414"
"146","eDNA, top 500","Cantherhines macrocerus"
"147","eDNA, top 500","Careproctus cyclocephalus"
"148","eDNA, top 500","Careproctus sp. OCF-P20080722-1"
"149","eDNA, top 500","Caristius fasciatus"
"150","eDNA, top 500","Caristius sp. CBM:ZF:15591"
"151","eDNA, top 500","Catostomus commersonii"
"152","eDNA, top 500","Centrarchus macropterus"
"153","eDNA, top 500","Centrophryne spinulosa"
"154","eDNA, top 500","Cephalopholis aurantia"
"155","eDNA, top 500","Cephalopholis boenak"
"156","eDNA, top 500","Cephalopholis cyanostigma"
"157","eDNA, top 500","Cephalopholis formosa"
"158","eDNA, top 500","Cephalopholis igarashiensis"
"159","eDNA, top 500","Cephalopholis microprion"
"160","eDNA, top 500","Cephalopholis oligosticta"
"161","eDNA, top 500","Cephalopholis polleni"
"162","eDNA, top 500","Cephalopholis sexmaculata"
"163","eDNA, top 500","Cephalopholis sonnerati"
"164","eDNA, top 500","Cephalopholis spiloparaea"
"165","eDNA, top 500","Chaenogobius annularis"
"166","eDNA, top 500","Chelidonichthys cuculus"
"167","eDNA, top 500","Chelidonichthys kumu"
"168","eDNA, top 500","Chelidonichthys lastoviza"
"169","eDNA, top 500","Chelidonichthys lucerna"
"170","eDNA, top 500","Chelidonichthys spinosus"
"171","eDNA, top 500","Chelidoperca sp. OCF-P20081128"
"172","eDNA, top 500","Chiasmodon harteli"
"173","eDNA, top 500","Chimaera fulva"
"174","eDNA, top 500","Chimaera monstrosa"
"175","eDNA, top 500","Chimaera ogilbyi"
"176","eDNA, top 500","Chimaera opalescens"
"177","eDNA, top 500","Chimaera phantasma"
"178","eDNA, top 500","Chimaera sp. MNHN 2007-1555"
"179","eDNA, top 500","Chirolophis ascanii"
"180","eDNA, top 500","Chirolophis saitone"
"181","eDNA, top 500","Chirolophis wui"
"182","eDNA, top 500","Chitala chitala"
"183","eDNA, top 500","Chrosomus eos"
"184","eDNA, top 500","Chrosomus erythrogaster"
"185","eDNA, top 500","Chrosomus neogaeus"
"186","eDNA, top 500","Chrosomus oreas"
"187","eDNA, top 500","Chrosomus tennesseensis"
"188","eDNA, top 500","Chrysiptera galba"
"189","eDNA, top 500","Chrysiptera rapanui"
"190","eDNA, top 500","Chrysiptera starcki"
"191","eDNA, top 500","Cichlasoma sanctifranciscense"
"192","eDNA, top 500","Clarias batrachus"
"193","eDNA, top 500","Clarias camerunensis"
"194","eDNA, top 500","Clarias fuscus"
"195","eDNA, top 500","Clarias gabonensis"
"196","eDNA, top 500","Clarias gariepinus"
"197","eDNA, top 500","Clarias macrocephalus"
"198","eDNA, top 500","Clarias sp. CD-2019"
"199","eDNA, top 500","Clarias sp. NM-2010"
"200","eDNA, top 500","Cleisthenes pinetorum"
"201","eDNA, top 500","Clinostomus elongatus"
"202","eDNA, top 500","Clinostomus funduloides"
"203","eDNA, top 500","Clupeichthys aesarnensis"
"204","eDNA, top 500","Clupeonella cultriventris"
"205","eDNA, top 500","Coelorinchus japonicus"
"206","eDNA, top 500","Coilia brachygnathus"
"207","eDNA, top 500","Coilia grayii"
"208","eDNA, top 500","Coilia lindmani"
"209","eDNA, top 500","Coilia nasus"
"210","eDNA, top 500","Coilia reynaldi"
"211","eDNA, top 500","Colossoma macropomum"
"212","eDNA, top 500","Comephorus baikalensis"
"213","eDNA, top 500","Comephorus dybowskii"
"214","eDNA, top 500","Conocara kreffti"
"215","eDNA, top 500","Conocara macropterum"
"216","eDNA, top 500","Conocara murrayi"
"217","eDNA, top 500","Conocara nigrum"
"218","eDNA, top 500","Conocara sp. ASIZP P0913760"
"219","eDNA, top 500","Conocara sp. ASIZP:0067999"
"220","eDNA, top 500","Copella arnoldi"
"221","eDNA, top 500","Coptodon zillii"
"222","eDNA, top 500","Coregonus artedi"
"223","eDNA, top 500","Coregonus baicalensis"
"224","eDNA, top 500","Coregonus chadary"
"225","eDNA, top 500","Coregonus hoyi"
"226","eDNA, top 500","Coregonus migratorius"
"227","eDNA, top 500","Coregonus zenithicus"
"228","eDNA, top 500","Coreobagrus brevicorpus"
"229","eDNA, top 500","Coreobagrus ichikawai"
"230","eDNA, top 500","Coreoleuciscus aeruginos"
"231","eDNA, top 500","Coreoleuciscus splendidus"
"232","eDNA, top 500","Cottiusculus gonez"
"233","eDNA, top 500","Cottiusculus nihonkaiensis"
"234","eDNA, top 500","Cottiusculus schmidti"
"235","eDNA, top 500","Cottocomephorus grewingkii"
"236","eDNA, top 500","Cottocomephorus inermis"
"237","eDNA, top 500","Cottunculus microps"
"238","eDNA, top 500","Cottunculus thomsonii"
"239","eDNA, top 500","Cottus amblystomopsis"
"240","eDNA, top 500","Cottus bairdii"
"241","eDNA, top 500","Cottus beldingii"
"242","eDNA, top 500","Cottus bendirei"
"243","eDNA, top 500","Cottus carolinae"
"244","eDNA, top 500","Cottus cognatus"
"245","eDNA, top 500","Cottus confusus"
"246","eDNA, top 500","Cottus czerskii"
"247","eDNA, top 500","Cottus dzungaricus"
"248","eDNA, top 500","Cottus gobio"
"249","eDNA, top 500","Cottus gulosus"
"250","eDNA, top 500","Cottus hangiongensis"
"251","eDNA, top 500","Cottus klamathensis"
"252","eDNA, top 500","Cottus koreanus"
"253","eDNA, top 500","Cottus marginatus"
"254","eDNA, top 500","Cottus nozawae"
"255","eDNA, top 500","Cottus perifretum"
"256","eDNA, top 500","Cottus perplexus"
"257","eDNA, top 500","Cottus pitensis"
"258","eDNA, top 500","Cottus poecilopus"
"259","eDNA, top 500","Cottus pollux"
"260","eDNA, top 500","Cottus princeps"
"261","eDNA, top 500","Cottus reinii"
"262","eDNA, top 500","Cottus rhenanus"
"263","eDNA, top 500","Cottus rhotheus"
"264","eDNA, top 500","Cottus ricei"
"265","eDNA, top 500","Cottus sp. ME"
"266","eDNA, top 500","Cottus sp. OGA-1"
"267","eDNA, top 500","Cottus szanaga"
"268","eDNA, top 500","Cottus tenuis"
"269","eDNA, top 500","Cottus volki"
"270","eDNA, top 500","Couesius plumbeus"
"271","eDNA, top 500","Cryptacanthodes bergi"
"272","eDNA, top 500","Cryptocentroides insignis"
"273","eDNA, top 500","Cryptocentrus nigrocellatus"
"274","eDNA, top 500","Crystallaria asprella"
"275","eDNA, top 500","Ctenopoma acutirostre"
"276","eDNA, top 500","Cyclopteropsis bergi"
"277","eDNA, top 500","Cyclopteropsis lindbergi"
"278","eDNA, top 500","Cyclopterus lumpus"
"279","eDNA, top 500","Cyphocharax gilbert"
"280","eDNA, top 500","Cyprinella leedsi"
"281","eDNA, top 500","Cyprinella monacha"
"282","eDNA, top 500","Dario dayingensis"
"283","eDNA, top 500","Davidijordania poecilimon"
"284","eDNA, top 500","Decodon pacificus"
"285","eDNA, top 500","Delturus carinotus"
"286","eDNA, top 500","Dendrochirus biocellatus"
"287","eDNA, top 500","Dendrochirus brachypterus"
"288","eDNA, top 500","Dendrochirus zebra"
"289","eDNA, top 500","Deveximentum megalolepis"
"290","eDNA, top 500","Dexistes rikuzenius"
"291","eDNA, top 500","Dictyosoma burgeri"
"292","eDNA, top 500","Dionda diaboli"
"293","eDNA, top 500","Dionda episcopa"
"294","eDNA, top 500","Diplomystes nahuelbutaensis"
"295","eDNA, top 500","Diretmoides veriginae"
"296","eDNA, top 500","Diretmus argenteus"
"297","eDNA, top 500","Ditrema jordani"
"298","eDNA, top 500","Ditrema temminckii"
"299","eDNA, top 500","Ditrema viride"
"300","eDNA, top 500","Doboatherina aetholepis"
"301","eDNA, top 500","Dorosoma petenense"
"302","eDNA, top 500","Drepane africana"
"303","eDNA, top 500","Drepane longimana"
"304","eDNA, top 500","Drepane punctata"
"305","eDNA, top 500","Ebinania brephocephala"
"306","eDNA, top 500","Ebinania vermiculata"
"307","eDNA, top 500","Ectreposebastes sp. CBM:ZF:15690"
"308","eDNA, top 500","Elachocharax pulcher"
"309","eDNA, top 500","Eleutheronema rhadinum"
"310","eDNA, top 500","Eleutheronema tetradactylum"
"311","eDNA, top 500","Engyprosopon macrolepis"
"312","eDNA, top 500","Eopsetta grigorjewi"
"313","eDNA, top 500","Epigonus pectinifer"
"314","eDNA, top 500","Epinephelus fuscoguttatus"
"315","eDNA, top 500","Epinephelus latifasciatus"
"316","eDNA, top 500","Epinephelus poecilonotus"
"317","eDNA, top 500","Epinephelus radiatus"
"318","eDNA, top 500","Equulites elongatus"
"319","eDNA, top 500","Eremichthys acros"
"320","eDNA, top 500","Ereunias grallator"
"321","eDNA, top 500","Erimystax dissimilis"
"322","eDNA, top 500","Erimystax x-punctatus"
"323","eDNA, top 500","Erimyzon oblongus"
"324","eDNA, top 500","Ernogrammus hexagrammus"
"325","eDNA, top 500","Erromyzon kalotaenia"
"326","eDNA, top 500","Erromyzon sinensis"
"327","eDNA, top 500","Etheostoma blennioides"
"328","eDNA, top 500","Etheostoma burri"
"329","eDNA, top 500","Etheostoma fonticola"
"330","eDNA, top 500","Etheostoma nigripinne"
"331","eDNA, top 500","Etheostoma nigrum"
"332","eDNA, top 500","Etheostoma osburni"
"333","eDNA, top 500","Etheostoma proeliare"
"334","eDNA, top 500","Etheostoma punctulatum"
"335","eDNA, top 500","Etheostoma sagitta"
"336","eDNA, top 500","Etheostoma spectabile"
"337","eDNA, top 500","Ethmalosa fimbriata"
"338","eDNA, top 500","Ethmidium maculatum"
"339","eDNA, top 500","Etropus microstomus"
"340","eDNA, top 500","Etrumeus sadina"
"341","eDNA, top 500","Eumicrotremus awae"
"342","eDNA, top 500","Eumicrotremus pacificus"
"343","eDNA, top 500","Eurypleuron owasianum"
"344","eDNA, top 500","Eutaeniichthys gilli"
"345","eDNA, top 500","Euthynnus alletteratus"
"346","eDNA, top 500","Eutrigla gurnardus"
"347","eDNA, top 500","Eviota abax"
"348","eDNA, top 500","Eviota kermadecensis"
"349","eDNA, top 500","Eviota sp. KAUM:I:101384"
"350","eDNA, top 500","Eviota sp. KAUM:I:99019"
"351","eDNA, top 500","Eviota sp. MOH084"
"352","eDNA, top 500","Exoglossum maxillingua"
"353","eDNA, top 500","Exostoma labiatum"
"354","eDNA, top 500","Exostoma sp. CZ-2022"
"355","eDNA, top 500","Exostoma tenuicaudatum"
"356","eDNA, top 500","Exostoma tibetanum"
"357","eDNA, top 500","Favonigobius gymnauchen"
"358","eDNA, top 500","Favonigobius melanobranchus"
"359","eDNA, top 500","Favonigobius sp. OCF-P3775"
"360","eDNA, top 500","Freemanichthys thompsoni"
"361","eDNA, top 500","Furcina osimae"
"362","eDNA, top 500","Furcina sp. FMNH_Uncat"
"363","eDNA, top 500","Gadiculus argenteus"
"364","eDNA, top 500","Gadiculus thori"
"365","eDNA, top 500","Gadus morhua"
"366","eDNA, top 500","Gagata dolichonema"
"367","eDNA, top 500","Galaxias tantangara"
"368","eDNA, top 500","Gargariscus prionocephalus"
"369","eDNA, top 500","Gasterochisma melampus"
"370","eDNA, top 500","Gastromyzon scitulus"
"371","eDNA, top 500","Gastromyzon zebrinus"
"372","eDNA, top 500","Geophagus brasiliensis"
"373","eDNA, top 500","Gephyroberyx japonicus"
"374","eDNA, top 500","Gila atraria"
"375","eDNA, top 500","Gila coerulea"
"376","eDNA, top 500","Gila conspersa"
"377","eDNA, top 500","Gila cypha"
"378","eDNA, top 500","Gila ditaenia"
"379","eDNA, top 500","Gila elegans"
"380","eDNA, top 500","Gila nigra"
"381","eDNA, top 500","Gila nigrescens"
"382","eDNA, top 500","Gila orcuttii"
"383","eDNA, top 500","Gila pandora"
"384","eDNA, top 500","Gila robusta"
"385","eDNA, top 500","Gila sp. 1460"
"386","eDNA, top 500","Gilbertidia pustulosa"
"387","eDNA, top 500","Gilchristella aestuaria"
"388","eDNA, top 500","Glossanodon kotakamaru"
"389","eDNA, top 500","Glossogobius aureus"
"390","eDNA, top 500","Glossogobius flavipinnis"
"391","eDNA, top 500","Glossogobius sp. KAUM:I:117597"
"392","eDNA, top 500","Glyptocephalus kitaharae"
"393","eDNA, top 500","Glyptothorax annandalei"
"394","eDNA, top 500","Glyptothorax cavia"
"395","eDNA, top 500","Glyptothorax deqinensis"
"396","eDNA, top 500","Glyptothorax granosus"
"397","eDNA, top 500","Glyptothorax lanceatus"
"398","eDNA, top 500","Glyptothorax laosensis"
"399","eDNA, top 500","Glyptothorax minimaculatus"
"400","eDNA, top 500","Glyptothorax sinensis"
"401","eDNA, top 500","Glyptothorax sp. CBM:ZF:11958"
"402","eDNA, top 500","Glyptothorax telchitta"
"403","eDNA, top 500","Glyptothorax trilineatus"
"404","eDNA, top 500","Glyptothorax zanaensis"
"405","eDNA, top 500","Gnathocharax sp. CBM:ZF:12623"
"406","eDNA, top 500","Gnathocharax steindachneri"
"407","eDNA, top 500","Gnathopogon caerulescens"
"408","eDNA, top 500","Gnathopogon elongatus"
"409","eDNA, top 500","Gnathopogon herzensteini"
"410","eDNA, top 500","Gnathopogon polytaenia"
"411","eDNA, top 500","Gnathopogon strigatus"
"412","eDNA, top 500","Gobio acutipinnatus"
"413","eDNA, top 500","Gobio huanghensis"
"414","eDNA, top 500","Grammistops ocellatus"
"415","eDNA, top 500","Gudusia chapra"
"416","eDNA, top 500","Gymnelus andersoni"
"417","eDNA, top 500","Gymnelus retrodorsalis"
"418","eDNA, top 500","Gymnelus sp. ZMUB:21424"
"419","eDNA, top 500","Gymnelus taeniatus"
"420","eDNA, top 500","Gymnocanthus detrisus"
"421","eDNA, top 500","Gymnocanthus intermedius"
"422","eDNA, top 500","Gymnoclinus cristulatus"
"423","eDNA, top 500","Gymnocranius sp. MOH-079"
"424","eDNA, top 500","Gymnogobius macrognathos"
"425","eDNA, top 500","Gymnosarda unicolor"
"426","eDNA, top 500","Gyrinocheilus aymonieri"
"427","eDNA, top 500","Hadropogonichthys leptopus"
"428","eDNA, top 500","Hapalogenys kishinouyei"
"429","eDNA, top 500","Harengula jaguana"
"430","eDNA, top 500","Helicolenus avius"
"431","eDNA, top 500","Helicolenus dactylopterus"
"432","eDNA, top 500","Helicolenus hilgendorfii"
"433","eDNA, top 500","Hemibarbus labeo"
"434","eDNA, top 500","Hemibarbus medius"
"435","eDNA, top 500","Hemibarbus umbrifer"
"436","eDNA, top 500","Hemilepidotus gilberti"
"437","eDNA, top 500","Hemiodus unimaculatus"
"438","eDNA, top 500","Hemitripterus americanus"
"439","eDNA, top 500","Herichthys carpintis"
"440","eDNA, top 500","Herichthys cyanoguttatus"
"441","eDNA, top 500","Herwigia kreffti"
"442","eDNA, top 500","Hesperoleucus symmetricus"
"443","eDNA, top 500","Heteropneustes fossilis"
"444","eDNA, top 500","Heterotilapia buettikoferi"
"445","eDNA, top 500","Hexagrammos agrammus"
"446","eDNA, top 500","Hilsa kelee"
"447","eDNA, top 500","Hippoglossina oblonga"
"448","eDNA, top 500","Hippoglossoides dubius"
"449","eDNA, top 500","Hippoglossoides platessoides"
"450","eDNA, top 500","Hippoglossus hippoglossus"
"451","eDNA, top 500","Hoplerythrinus unitaeniatus"
"452","eDNA, top 500","Hoplias intermedius"
"453","eDNA, top 500","Hoplias malabaricus"
"454","eDNA, top 500","Hoplias sp. gr. malabaricus LMB-2020"
"455","eDNA, top 500","Hoplias sp. I-GIA:1153"
"456","eDNA, top 500","Howella brodiei"
"457","eDNA, top 500","Hozukius emblemarius"
"458","eDNA, top 500","Hucho bleekeri"
"459","eDNA, top 500","Hucho hucho"
"460","eDNA, top 500","Hucho taimen"
"461","eDNA, top 500","Hybopsis lineapunctata"
"462","eDNA, top 500","Hydrolagus affinis"
"463","eDNA, top 500","Hydrolagus barbouri"
"464","eDNA, top 500","Hydrolagus mitsukurii"
"465","eDNA, top 500","Hypentelium nigricans"
"466","eDNA, top 500","Hyperlophus vittatus"
"467","eDNA, top 500","Hypoatherina golanii"
"468","eDNA, top 500","Hypoatherina temminckii"
"469","eDNA, top 500","Hypomasticus mormyrops"
"470","eDNA, top 500","Hypomasticus steindachneri"
"471","eDNA, top 500","Hypomasticus thayeri"
"472","eDNA, top 500","Hypomesus japonicus"
"473","eDNA, top 500","Hypoptychus dybowskii"
"474","eDNA, top 500","Hypsagonus corniger"
"475","eDNA, top 500","Hypsophrys nicaraguensis"
"476","eDNA, top 500","Icelinus pietschi"
"477","eDNA, top 500","Icelus bicornis"
"478","eDNA, top 500","Icelus cataphractus"
"479","eDNA, top 500","Icelus mororanis"
"480","eDNA, top 500","Icelus sekii"
"481","eDNA, top 500","Icelus toyamensis"
"482","eDNA, top 500","Ichthyoelephas longirostris"
"483","eDNA, top 500","Ictalurus lupus"
"484","eDNA, top 500","Ictalurus pricei"
"485","eDNA, top 500","Ictalurus sp. UM 105-1789"
"486","eDNA, top 500","Idiastion pacificum"
"487","eDNA, top 500","Ilisha africana"
"488","eDNA, top 500","Ilisha elongata"
"489","eDNA, top 500","Ilisha melastoma"
"490","eDNA, top 500","Ilisha sirishae"
"491","eDNA, top 500","Ilisha striatula"
"492","eDNA, top 500","Iniistius auropunctatus"
"493","eDNA, top 500","Iniistius celebicus"
"494","eDNA, top 500","Iniistius dea"
"495","eDNA, top 500","Iniistius evides"
"496","eDNA, top 500","Iniistius melanopus"
"497","eDNA, top 500","Iniistius pentadactylus"
"498","eDNA, top 500","Iniistius trivittatus"
"499","eDNA, top 500","Iniistius twistii"
"500","eDNA, top 500","Iniistius verrens"
"501","eDNA, top 500","Istigobius goldmanni"
"502","eDNA, top 500","Istigobius ornatus"
"503","eDNA, top 500","Istigobius sp. HYW-2001"
"504","eDNA, top 500","Istiophorus albicans"
"505","eDNA, top 500","Japonolaeops dentatus"
"506","eDNA, top 500","Kajikia albida"
"507","eDNA, top 500","Kasatkia memorabilis"
"508","eDNA, top 500","Kryptopterus bicirrhis"
"509","eDNA, top 500","Kryptopterus sp. MM-2017"
"510","eDNA, top 500","Kryptopterus vitreolus"
"511","eDNA, top 500","Kyonemichthys rumengani"
"512","eDNA, top 500","Labeo coubie"
"513","eDNA, top 500","Labeo sp. CBM-ZF-11756"
"514","eDNA, top 500","Lachnolaimus maximus"
"515","eDNA, top 500","Lactarius lactarius"
"516","eDNA, top 500","Lagocephalus lunaris"
"517","eDNA, top 500","Lateolabrax japonicus"
"518","eDNA, top 500","Lateolabrax latus"
"519","eDNA, top 500","Lates calcarifer"
"520","eDNA, top 500","Latropiscis purpurissatus"
"521","eDNA, top 500","Lavinia exilicauda"
"522","eDNA, top 500","Lefua echigonia"
"523","eDNA, top 500","Leocottus kesslerii"
"524","eDNA, top 500","Lepidion eques"
"525","eDNA, top 500","Lepidion inosimae"
"526","eDNA, top 500","Lepidion lepidion"
"527","eDNA, top 500","Lepidocephalichthys guntea"
"528","eDNA, top 500","Lepidomeda copei"
"529","eDNA, top 500","Lepidomeda vittata"
"530","eDNA, top 500","Lepidopsetta mochigarei"
"531","eDNA, top 500","Lepidotrigla abyssalis"
"532","eDNA, top 500","Lepidotrigla alata"
"533","eDNA, top 500","Lepidotrigla guentheri"
"534","eDNA, top 500","Lepidotrigla hime"
"535","eDNA, top 500","Lepidotrigla japonica"
"536","eDNA, top 500","Lepidotrigla kanagashira"
"537","eDNA, top 500","Lepidotrigla kishinouyi"
"538","eDNA, top 500","Lepidotrigla longifaciata"
"539","eDNA, top 500","Lepidotrigla sp. KAUM I 63057"
"540","eDNA, top 500","Lepidotrigla sp. NMMBP 1282"
"541","eDNA, top 500","Leptoderma lubricum"
"542","eDNA, top 500","Leptoderma macrophthalmum"
"543","eDNA, top 500","Leptoderma retropinna"
"544","eDNA, top 500","Lesueurigobius friesii"
"545","eDNA, top 500","Lethrinus genivittatus"
"546","eDNA, top 500","Leucaspius delineatus"
"547","eDNA, top 500","Leuciscus baicalensis"
"548","eDNA, top 500","Leuciscus burdigalensis"
"549","eDNA, top 500","Leuciscus idus"
"550","eDNA, top 500","Leuciscus leuciscus"
"551","eDNA, top 500","Leuciscus oxyrrhis"
"552","eDNA, top 500","Leuciscus waleckii"
"553","eDNA, top 500","Liachirus melanospilos"
"554","eDNA, top 500","Limanda limanda"
"555","eDNA, top 500","Limnothrissa miodon"
"556","eDNA, top 500","Liniparhomaloptera disparis"
"557","eDNA, top 500","Liniparhomaloptera qiongzhongensis"
"558","eDNA, top 500","Liopropoma erythraeum"
"559","eDNA, top 500","Lioscorpius longiceps"
"560","eDNA, top 500","Lophiogobius ocellicauda"
"561","eDNA, top 500","Lutjanus timoriensis"
"562","eDNA, top 500","Lycenchelys albomaculata"
"563","eDNA, top 500","Lycenchelys aurantiaca"
"564","eDNA, top 500","Lycenchelys hippopotamus"
"565","eDNA, top 500","Lycenchelys kolthoffi"
"566","eDNA, top 500","Lycenchelys melanostomias"
"567","eDNA, top 500","Lycenchelys muraena"
"568","eDNA, top 500","Lycenchelys rassi"
"569","eDNA, top 500","Lycenchelys remissaria"
"570","eDNA, top 500","Lycenchelys sarsii"
"571","eDNA, top 500","Lycenchelys squamosa"
"572","eDNA, top 500","Lycenchelys tohokuensis"
"573","eDNA, top 500","Lycengraulis grossidens"
"574","eDNA, top 500","Lycodapus microchir"
"575","eDNA, top 500","Lycodes adolfi"
"576","eDNA, top 500","Lycodes caudimaculatus"
"577","eDNA, top 500","Lycodes esmarkii"
"578","eDNA, top 500","Lycodes eudipleurostictus"
"579","eDNA, top 500","Lycodes fasciatus"
"580","eDNA, top 500","Lycodes hubbsi"
"581","eDNA, top 500","Lycodes japonicus"
"582","eDNA, top 500","Lycodes lavalaei"
"583","eDNA, top 500","Lycodes luetkenii"
"584","eDNA, top 500","Lycodes matsubarai"
"585","eDNA, top 500","Lycodes mcallisteri"
"586","eDNA, top 500","Lycodes nakamurae"
"587","eDNA, top 500","Lycodes ocellatus"
"588","eDNA, top 500","Lycodes paamiuti"
"589","eDNA, top 500","Lycodes pallidus"
"590","eDNA, top 500","Lycodes pectoralis"
"591","eDNA, top 500","Lycodes polaris"
"592","eDNA, top 500","Lycodes reticulatus"
"593","eDNA, top 500","Lycodes rossi"
"594","eDNA, top 500","Lycodes sadoensis"
"595","eDNA, top 500","Lycodes seminudus"
"596","eDNA, top 500","Lycodes sigmatoides"
"597","eDNA, top 500","Lycodes soldatovi"
"598","eDNA, top 500","Lycodes sp. ADK-2014"
"599","eDNA, top 500","Lycodes squamiventer"
"600","eDNA, top 500","Lycodes tanakae"
"601","eDNA, top 500","Lycodes teraoi"
"602","eDNA, top 500","Lycodes toyamensis"
"603","eDNA, top 500","Lycodes uschakovi"
"604","eDNA, top 500","Lycodes vahlii"
"605","eDNA, top 500","Lycodes ygreknotatus"
"606","eDNA, top 500","Lycodichthys dearborni"
"607","eDNA, top 500","Lycodonus flagellicauda"
"608","eDNA, top 500","Lycodonus mirabilis"
"609","eDNA, top 500","Lycothrissa crocodilus"
"610","eDNA, top 500","Lycozoarces regani"
"611","eDNA, top 500","Lythrichthys cypho"
"612","eDNA, top 500","Lythrichthys longimanus"
"613","eDNA, top 500","Lythrurus ardens"
"614","eDNA, top 500","Macrhybopsis aestivalis"
"615","eDNA, top 500","Macrhybopsis storeriana"
"616","eDNA, top 500","Macrognathus siamensis"
"617","eDNA, top 500","Makaira mazara"
"618","eDNA, top 500","Malacanthus latovittatus"
"619","eDNA, top 500","Malacocottus gibber"
"620","eDNA, top 500","Malakichthys barbatus"
"621","eDNA, top 500","Malakichthys elegans"
"622","eDNA, top 500","Malakichthys griseus"
"623","eDNA, top 500","Malakichthys wakiyae"
"624","eDNA, top 500","Margariscus margarita"
"625","eDNA, top 500","Marukawichthys ambulator"
"626","eDNA, top 500","Mastacembelus albomaculatus"
"627","eDNA, top 500","Mastacembelus apectoralis"
"628","eDNA, top 500","Mastacembelus ellipsifer"
"629","eDNA, top 500","Mastacembelus flavidus"
"630","eDNA, top 500","Mastacembelus mastacembelus"
"631","eDNA, top 500","Mastacembelus micropectus"
"632","eDNA, top 500","Mastacembelus plagiostomus"
"633","eDNA, top 500","Mastacembelus tanganicae"
"634","eDNA, top 500","Mastacembelus zebratus"
"635","eDNA, top 500","Megaleporinus garmani"
"636","eDNA, top 500","Megaleporinus macrocephalus"
"637","eDNA, top 500","Melanogrammus aeglefinus"
"638","eDNA, top 500","Melanostigma atlanticum"
"639","eDNA, top 500","Mene maculata"
"640","eDNA, top 500","Merlangius merlangus"
"641","eDNA, top 500","Merluccius albidus"
"642","eDNA, top 500","Merluccius australis"
"643","eDNA, top 500","Merluccius bilinearis"
"644","eDNA, top 500","Merluccius capensis"
"645","eDNA, top 500","Merluccius hubbsi"
"646","eDNA, top 500","Merluccius merluccius"
"647","eDNA, top 500","Merluccius senegalensis"
"648","eDNA, top 500","Mesocottus haitej"
"649","eDNA, top 500","Micrenophrys lilljeborgii"
"650","eDNA, top 500","Microgadus tomcod"
"651","eDNA, top 500","Micromesistius poutassou"
"652","eDNA, top 500","Micropterus"
"653","eDNA, top 500","Micropterus dolomieu"
"654","eDNA, top 500","Micropterus floridanus"
"655","eDNA, top 500","Micropterus punctulatus"
"656","eDNA, top 500","Micropterus salmoides"
"657","eDNA, top 500","Micropterus salmoides salmoides"
"658","eDNA, top 500","Micropterus treculii"
"659","eDNA, top 500","Microsternarchus bilineatus"
"660","eDNA, top 500","Microstomus achne"
"661","eDNA, top 500","Microstomus bathybius"
"662","eDNA, top 500","Microstomus kitt"
"663","eDNA, top 500","Microthrissa congica"
"664","eDNA, top 500","Microthrissa royauxi"
"665","eDNA, top 500","Miichthys miiuy"
"666","eDNA, top 500","Mikrogeophagus altispinosus"
"667","eDNA, top 500","Molva dypterygia"
"668","eDNA, top 500","Monacanthus tuckeri"
"669","eDNA, top 500","Moxostoma congestum"
"670","eDNA, top 500","Mugilogobius myxodermus"
"671","eDNA, top 500","Mullus surmuletus"
"672","eDNA, top 500","Myloplus asterias"
"673","eDNA, top 500","Myloplus schomburgkii"
"674","eDNA, top 500","Myoxocephalus aenaeus"
"675","eDNA, top 500","Myoxocephalus brandtii"
"676","eDNA, top 500","Myxodes viridis"
"677","eDNA, top 500","Myzopsetta ferruginea"
"678","eDNA, top 500","Myzopsetta punctatissima"
"679","eDNA, top 500","Nandopsis tetracanthus"
"680","eDNA, top 500","Nansenia ardesiaca"
"681","eDNA, top 500","Nansenia candida"
"682","eDNA, top 500","Nansenia groenlandica"
"683","eDNA, top 500","Nansenia oblita"
"684","eDNA, top 500","Narcetes erimelas"
"685","eDNA, top 500","Narcetes shonanmaruae"
"686","eDNA, top 500","Nematalosa come"
"687","eDNA, top 500","Nematalosa erebi"
"688","eDNA, top 500","Nematalosa japonica"
"689","eDNA, top 500","Nematalosa nasus"
"690","eDNA, top 500","Neoachiropsetta milfordi"
"691","eDNA, top 500","Neoditrema ransonnetii"
"692","eDNA, top 500","Neoepinnula orientalis"
"693","eDNA, top 500","Neoglyphidodon polyacanthus"
"694","eDNA, top 500","Neoharriotta pinnata"
"695","eDNA, top 500","Neohomaloptera johorensis"
"696","eDNA, top 500","Neomerinthe erostris"
"697","eDNA, top 500","Neomerinthe procurva"
"698","eDNA, top 500","Neosalangichthys ishikawae"
"699","eDNA, top 500","Neosebastes multisquamus"
"700","eDNA, top 500","Neozoarces steindachneri"
"701","eDNA, top 500","Netuma thalassina"
"702","eDNA, top 500","Niphon spinosus"
"703","eDNA, top 500","Nocomis leptocephalus"
"704","eDNA, top 500","Nocomis micropogon"
"705","eDNA, top 500","Normichthys operosus"
"706","eDNA, top 500","Notemigonus crysoleucas"
"707","eDNA, top 500","Notothenia coriiceps"
"708","eDNA, top 500","Notothenia rossii"
"709","eDNA, top 500","Notropis baileyi"
"710","eDNA, top 500","Notropis chalybaeus"
"711","eDNA, top 500","Notropis chrosomus"
"712","eDNA, top 500","Notropis hudsonius"
"713","eDNA, top 500","Notropis lutipinnis"
"714","eDNA, top 500","Notropis ortenburgeri"
"715","eDNA, top 500","Notropis telescopus"
"716","eDNA, top 500","Notropis texanus"
"717","eDNA, top 500","Obliquogobius sp. KAUM:I:81140"
"718","eDNA, top 500","Obliquogobius yamadai"
"719","eDNA, top 500","Occella iburia"
"720","eDNA, top 500","Odaxothrissa losera"
"721","eDNA, top 500","Odontamblyopus lacepedii"
"722","eDNA, top 500","Odontamblyopus rubicundus"
"723","eDNA, top 500","Odontamblyopus sp. ZL-2016"
"724","eDNA, top 500","Odontanthias borbonius"
"725","eDNA, top 500","Oligolepis acutipennis"
"726","eDNA, top 500","Oligosarcus argenteus"
"727","eDNA, top 500","Oligosarcus macrolepis"
"728","eDNA, top 500","Olivaichthys mesembrinus"
"729","eDNA, top 500","Oncorhynchus apache"
"730","eDNA, top 500","Oncorhynchus clarkii"
"731","eDNA, top 500","Oncorhynchus clarkii henshawi"
"732","eDNA, top 500","Oncorhynchus clarkii stomias"
"733","eDNA, top 500","Oncorhynchus clarkii virginalis"
"734","eDNA, top 500","Oncorhynchus formosanus"
"735","eDNA, top 500","Oncorhynchus gilae"
"736","eDNA, top 500","Oncorhynchus kawamurae"
"737","eDNA, top 500","Oncorhynchus masou"
"738","eDNA, top 500","Oncorhynchus mykiss"
"739","eDNA, top 500","Oncorhynchus mykiss gairdneri"
"740","eDNA, top 500","Oncorhynchus mykiss irideus"
"741","eDNA, top 500","Oncorhynchus mykiss newberrii"
"742","eDNA, top 500","Oncorhynchus mykiss x Salmo salar"
"743","eDNA, top 500","Oncorhynchus sp. BIWA-MASU"
"744","eDNA, top 500","Ophidiiformes sp. RGIP_6980"
"745","eDNA, top 500","Ophiocara porocephala"
"746","eDNA, top 500","Ophthalmolycus amberensis"
"747","eDNA, top 500","Opisthocentrus ocellatus"
"748","eDNA, top 500","Opisthocentrus tenuis"
"749","eDNA, top 500","Opisthocentrus zonope"
"750","eDNA, top 500","Opisthopterus tardoore"
"751","eDNA, top 500","Opistognathus decorus"
"752","eDNA, top 500","Opistognathus evermanni"
"753","eDNA, top 500","Opistognathus hopkinsi"
"754","eDNA, top 500","Opistognathus iyonis"
"755","eDNA, top 500","Opistognathus jacksoniensis"
"756","eDNA, top 500","Opistognathus sp. BSKU:121417"
"757","eDNA, top 500","Oplegnathus woodwardi"
"758","eDNA, top 500","Opsariichthys evolans"
"759","eDNA, top 500","Opsariichthys kaopingensis"
"760","eDNA, top 500","Opsariichthys pachycephalus"
"761","eDNA, top 500","Oreoleuciscus potanini"
"762","eDNA, top 500","Osteoglossum bicirrhosum"
"763","eDNA, top 500","Otocinclus affinis"
"764","eDNA, top 500","Otocinclus hoppei"
"765","eDNA, top 500","Oxyurichthys auchenolepis"
"766","eDNA, top 500","Oxyurichthys cornutus"
"767","eDNA, top 500","Oxyurichthys lonchotus"
"768","eDNA, top 500","Pachychilon pictum"
"769","eDNA, top 500","Pachyurus bonariensis"
"770","eDNA, top 500","Pandaka lidwilli"
"771","eDNA, top 500","Pangasianodon hypophthalmus"
"772","eDNA, top 500","Pangasius krempfi"
"773","eDNA, top 500","Pangasius larnaudii"
"774","eDNA, top 500","Pangasius sanitwongsei"
"775","eDNA, top 500","Parabotia lijiangensis"
"776","eDNA, top 500","Parachaeturichthys polynema"
"777","eDNA, top 500","Paracottus knerii"
"778","eDNA, top 500","Paradiplospinus antarcticus"
"779","eDNA, top 500","Parahucho perryi"
"780","eDNA, top 500","Parakneria cameronensis"
"781","eDNA, top 500","Paralichthys adspersus"
"782","eDNA, top 500","Paralichthys albigutta"
"783","eDNA, top 500","Paralichthys dentatus"
"784","eDNA, top 500","Paralichthys lethostigma"
"785","eDNA, top 500","Paralichthys olivaceus"
"786","eDNA, top 500","Paralichthys squamilentus"
"787","eDNA, top 500","Paraliparis bathybius"
"788","eDNA, top 500","Paraliparis copei"
"789","eDNA, top 500","Paraliparis dipterus"
"790","eDNA, top 500","Paraliparis meridionalis"
"791","eDNA, top 500","Paraliparis sp. NSMT P92399"
"792","eDNA, top 500","Paranemachilus genilepis"
"793","eDNA, top 500","Parapterois heterura"
"794","eDNA, top 500","Parascorpaena aurita"
"795","eDNA, top 500","Parascorpaena mossambica"
"796","eDNA, top 500","Pareques iwamotoi"
"797","eDNA, top 500","Pelecus cultratus"
"798","eDNA, top 500","Pellona ditchela"
"799","eDNA, top 500","Pellona flavipinnis"
"800","eDNA, top 500","Pellonula leonensis"
"801","eDNA, top 500","Pellonula vorax"
"802","eDNA, top 500","Perca fluviatilis"
"803","eDNA, top 500","Perca schrenkii"
"804","eDNA, top 500","Percalates colonorum"
"805","eDNA, top 500","Perccottus glenii"
"806","eDNA, top 500","Percina aurantiaca"
"807","eDNA, top 500","Percina freemanorum"
"808","eDNA, top 500","Percina peltata"
"809","eDNA, top 500","Periophthalmodon schlosseri"
"810","eDNA, top 500","Periophthalmus barbarus"
"811","eDNA, top 500","Periophthalmus magnuspinnatus"
"812","eDNA, top 500","Periophthalmus minutus"
"813","eDNA, top 500","Periophthalmus sp. CBM:ZF:12249"
"814","eDNA, top 500","Peristedion miniatum"
"815","eDNA, top 500","Petenia splendida"
"816","eDNA, top 500","Petroschmidtia albonotatus"
"817","eDNA, top 500","Phasmatocottus ctenopterygius"
"818","eDNA, top 500","Pholidapus dybowskii"
"819","eDNA, top 500","Pholis crassispina"
"820","eDNA, top 500","Pholis fangi"
"821","eDNA, top 500","Pholis fasciata"
"822","eDNA, top 500","Pholis gunnellus"
"823","eDNA, top 500","Phoxinus bigerri"
"824","eDNA, top 500","Phoxinus dragarum"
"825","eDNA, top 500","Phoxinus fayollarum"
"826","eDNA, top 500","Phoxinus keumkang"
"827","eDNA, top 500","Phoxinus phoxinus"
"828","eDNA, top 500","Phoxinus phoxinus tumensis"
"829","eDNA, top 500","Phoxinus semotilus"
"830","eDNA, top 500","Phoxinus septimaniae"
"831","eDNA, top 500","Phoxinus sp. UAIC 14401.01"
"832","eDNA, top 500","Phoxinus steindachneri"
"833","eDNA, top 500","Phoxinus ujmonensis"
"834","eDNA, top 500","Phoxocampus belcheri"
"835","eDNA, top 500","Piaractus brachypomus"
"836","eDNA, top 500","Piaractus mesopotamicus"
"837","eDNA, top 500","Piaractus sp. HC-2014"
"838","eDNA, top 500","Pimephales notatus"
"839","eDNA, top 500","Pimephales promelas"
"840","eDNA, top 500","Pimephales tenellus"
"841","eDNA, top 500","Plagioscion sp. BLS-2003"
"842","eDNA, top 500","Plagioscion squamosissimus"
"843","eDNA, top 500","Platichthys bicoloratus"
"844","eDNA, top 500","Platichthys flesus"
"845","eDNA, top 500","Platygobio gracilis"
"846","eDNA, top 500","Platysmacheilus longibarbatus"
"847","eDNA, top 500","Plectranthias sheni"
"848","eDNA, top 500","Plectroglyphidodon apicalis"
"849","eDNA, top 500","Plectroglyphidodon obreptus"
"850","eDNA, top 500","Pleurogrammus azonus"
"851","eDNA, top 500","Pleuronectes platessa"
"852","eDNA, top 500","Pleuronichthys guttulatus"
"853","eDNA, top 500","Plotosus canius"
"854","eDNA, top 500","Podothecus sachi"
"855","eDNA, top 500","Podothecus sturioides"
"856","eDNA, top 500","Podothecus veternus"
"857","eDNA, top 500","Poeciliopsis monacha"
"858","eDNA, top 500","Poeciliopsis monacha x P. lucida"
"859","eDNA, top 500","Pollachius pollachius"
"860","eDNA, top 500","Pollachius virens"
"861","eDNA, top 500","Polydactylus microstoma"
"862","eDNA, top 500","Polydactylus plebeius"
"863","eDNA, top 500","Polymixia sazonovi"
"864","eDNA, top 500","Polynemus dubius"
"865","eDNA, top 500","Pomadasys quadrilineatus"
"866","eDNA, top 500","Pomadasys sp. CBM:ZF:18112"
"867","eDNA, top 500","Pontinus kuhlii"
"868","eDNA, top 500","Porocottus allisi"
"869","eDNA, top 500","Porocottus camtschaticus"
"870","eDNA, top 500","Porocottus coronatus"
"871","eDNA, top 500","Porocottus sp. HUMZ:197473"
"872","eDNA, top 500","Porocottus tentaculatus"
"873","eDNA, top 500","Poropanchax normani"
"874","eDNA, top 500","Potamalosa richmondia"
"875","eDNA, top 500","Potamorhina latior"
"876","eDNA, top 500","Potamothrissa obtusirostris"
"877","eDNA, top 500","Pristella maxillaris"
"878","eDNA, top 500","Pristipomoides multidens"
"879","eDNA, top 500","Pristipomoides typus"
"880","eDNA, top 500","Pristolepis fasciata"
"881","eDNA, top 500","Pristolepis rubripinnis"
"882","eDNA, top 500","Prochilodus argenteus"
"883","eDNA, top 500","Prochilodus costatus"
"884","eDNA, top 500","Prochilodus harttii"
"885","eDNA, top 500","Prochilodus lineatus"
"886","eDNA, top 500","Prochilodus nigricans"
"887","eDNA, top 500","Prochilodus vimboides"
"888","eDNA, top 500","Procottus major"
"889","eDNA, top 500","Prosopium williamsoni"
"890","eDNA, top 500","Psednos groenlandicus"
"891","eDNA, top 500","Psednos melanocephalus"
"892","eDNA, top 500","Psednos micruroides"
"893","eDNA, top 500","Pseudalectrias tarasovi"
"894","eDNA, top 500","Pseudancistrus longispinis"
"895","eDNA, top 500","Pseudanthias randalli"
"896","eDNA, top 500","Pseudaspius brandtii"
"897","eDNA, top 500","Pseudaspius nakamurai"
"898","eDNA, top 500","Pseudaspius sachalinensis"
"899","eDNA, top 500","Pseudetroplus maculatus"
"900","eDNA, top 500","Pseudobagrus brachyrhabdion"
"901","eDNA, top 500","Pseudobagrus gracilis"
"902","eDNA, top 500","Pseudobagrus koreanus"
"903","eDNA, top 500","Pseudobagrus medianalis"
"904","eDNA, top 500","Pseudobagrus ondon"
"905","eDNA, top 500","Pseudobalistes flavimarginatus"
"906","eDNA, top 500","Pseudobalistes fuscus"
"907","eDNA, top 500","Pseudoblennius argenteus"
"908","eDNA, top 500","Pseudoblennius cottoides"
"909","eDNA, top 500","Pseudoblennius percoides"
"910","eDNA, top 500","Pseudoblennius sp. Kirin-anahaze"
"911","eDNA, top 500","Pseudoblennius zonostigma"
"912","eDNA, top 500","Pseudogastromyzon fangi"
"913","eDNA, top 500","Pseudogastromyzon fasciatus"
"914","eDNA, top 500","Pseudogastromyzon lianjiangensis"
"915","eDNA, top 500","Pseudogastromyzon meihuashanensis"
"916","eDNA, top 500","Pseudogastromyzon myersi"
"917","eDNA, top 500","Pseudogobius poicilosoma"
"918","eDNA, top 500","Pseudogramma sp. RGIP_2993"
"919","eDNA, top 500","Pseudogramma sp. RGIP_8862"
"920","eDNA, top 500","Pseudomystus siamensis"
"921","eDNA, top 500","Pseudopleuronectes americanus"
"922","eDNA, top 500","Pseudopleuronectes herzensteini"
"923","eDNA, top 500","Pseudopleuronectes schrenki"
"924","eDNA, top 500","Pseudorhombus arsius"
"925","eDNA, top 500","Pseudorhombus cinnamoneus"
"926","eDNA, top 500","Pseudorhombus dupliciocellatus"
"927","eDNA, top 500","Pseudorhombus levisquamis"
"928","eDNA, top 500","Psychrolutes macrocephalus"
"929","eDNA, top 500","Psychrolutes sp. MM-2017"
"930","eDNA, top 500","Pterois lunulata"
"931","eDNA, top 500","Pterois miles"
"932","eDNA, top 500","Pterois paucispinula"
"933","eDNA, top 500","Pterois radiata"
"934","eDNA, top 500","Pterois sp. BD-2002"
"935","eDNA, top 500","Pterois volitans"
"936","eDNA, top 500","Pteronotropis hypselopterus"
"937","eDNA, top 500","Pteronotropis signipinnis"
"938","eDNA, top 500","Pterygotrigla hemisticta"
"939","eDNA, top 500","Pterygotrigla ryukyuensis"
"940","eDNA, top 500","Ptychocheilus lucius"
"941","eDNA, top 500","Ptychocheilus oregonensis"
"942","eDNA, top 500","Ptychocheilus umpquae"
"943","eDNA, top 500","Pungitius hellenicus"
"944","eDNA, top 500","Pungitius laevis"
"945","eDNA, top 500","Pungitius platygaster"
"946","eDNA, top 500","Pungitius sp. Brackish type"
"947","eDNA, top 500","Pungitius sp. Freshwater type"
"948","eDNA, top 500","Pungitius sp. MUSASHI-TOMIYO"
"949","eDNA, top 500","Pungitius tymensis"
"950","eDNA, top 500","Pygocentrus nattereri"
"951","eDNA, top 500","Rachycentron canadum"
"952","eDNA, top 500","Radulinopsis derjavini"
"953","eDNA, top 500","Radulinopsis taranetzi"
"954","eDNA, top 500","Raniceps raninus"
"955","eDNA, top 500","Relictus solitarius"
"956","eDNA, top 500","Retropinna semoni"
"957","eDNA, top 500","Rexea prometheoides"
"958","eDNA, top 500","Rhinichthys cataractae"
"959","eDNA, top 500","Rhinichthys cobitis"
"960","eDNA, top 500","Rhinichthys evermanni"
"961","eDNA, top 500","Rhinichthys falcatus"
"962","eDNA, top 500","Rhinichthys obtusus"
"963","eDNA, top 500","Rhinichthys osculus"
"964","eDNA, top 500","Rhinichthys umatilla"
"965","eDNA, top 500","Rhinochimaera africana"
"966","eDNA, top 500","Rhinochimaera atlantica"
"967","eDNA, top 500","Rhinochimaera pacifica"
"968","eDNA, top 500","Rhinogobius flumineus"
"969","eDNA, top 500","Rhinogobius tandikan"
"970","eDNA, top 500","Rhodichthys regina"
"971","eDNA, top 500","Rhodymenichthys dolichogaster"
"972","eDNA, top 500","Rhyacoglanis pulcher"
"973","eDNA, top 500","Rhynchocypris czekanowskii"
"974","eDNA, top 500","Rhynchocypris jouyi"
"975","eDNA, top 500","Rhynchocypris lagowskii"
"976","eDNA, top 500","Rhynchocypris oxycephala"
"977","eDNA, top 500","Rhynchocypris percnura"
"978","eDNA, top 500","Rhynchocypris percnurus mantschuricus"
"979","eDNA, top 500","Rhynchocypris percnurus sachalinensis"
"980","eDNA, top 500","Richardsonius balteatus"
"981","eDNA, top 500","Richardsonius egregius"
"982","eDNA, top 500","Ricuzenius pinetorum"
"983","eDNA, top 500","Rinoctes nasutus"
"984","eDNA, top 500","Rutilus meidingeri"
"985","eDNA, top 500","Rutilus rutilus"
"986","eDNA, top 500","Salangichthys microdon"
"987","eDNA, top 500","Salanx ariakensis"
"988","eDNA, top 500","Salanx chinensis"
"989","eDNA, top 500","Salmo caspius"
"990","eDNA, top 500","Salmo ischchan"
"991","eDNA, top 500","Salmo labrax"
"992","eDNA, top 500","Salmo obtusirostris"
"993","eDNA, top 500","Salmo trutta trutta"
"994","eDNA, top 500","Salvelinus albus"
"995","eDNA, top 500","Salvelinus boganidae"
"996","eDNA, top 500","Salvelinus curilus"
"997","eDNA, top 500","Salvelinus drjagini"
"998","eDNA, top 500","Salvelinus elgyticus"
"999","eDNA, top 500","Salvelinus fontinalis x Salvelinus malma"
"1000","eDNA, top 500","Salvelinus kronocius"
"1001","eDNA, top 500","Salvelinus kuznetzovi"
"1002","eDNA, top 500","Salvelinus leucomaenis"
"1003","eDNA, top 500","Salvelinus leucomaenis japonicus"
"1004","eDNA, top 500","Salvelinus levanidovi"
"1005","eDNA, top 500","Salvelinus malma lordi"
"1006","eDNA, top 500","Salvelinus namaycush"
"1007","eDNA, top 500","Salvelinus schmidti"
"1008","eDNA, top 500","Salvelinus sp. 4 ADK-2017"
"1009","eDNA, top 500","Salvelinus taranetzi"
"1010","eDNA, top 500","Salvethymus svetovidovi"
"1011","eDNA, top 500","Sander canadensis"
"1012","eDNA, top 500","Sander lucioperca"
"1013","eDNA, top 500","Sander marinus"
"1014","eDNA, top 500","Sander volgensis"
"1015","eDNA, top 500","Sarcocheilichthys parvus"
"1016","eDNA, top 500","Sarda sarda"
"1017","eDNA, top 500","Sardina pilchardus"
"1018","eDNA, top 500","Sardinella albella"
"1019","eDNA, top 500","Sardinella fijiensis"
"1020","eDNA, top 500","Sardinella gibbosa"
"1021","eDNA, top 500","Sardinella jussieu"
"1022","eDNA, top 500","Sardinella maderensis"
"1023","eDNA, top 500","Sarotherodon melanotheron"
"1024","eDNA, top 500","Satyrichthys laticeps"
"1025","eDNA, top 500","Satyrichthys moluccensis"
"1026","eDNA, top 500","Satyrichthys welchi"
"1027","eDNA, top 500","Scardinius erythrophthalmus"
"1028","eDNA, top 500","Scatophagus argus"
"1029","eDNA, top 500","Schistura fasciolata"
"1030","eDNA, top 500","Schizodon nasutus"
"1031","eDNA, top 500","Scomberomorus cavalla"
"1032","eDNA, top 500","Scomberomorus maculatus"
"1033","eDNA, top 500","Scomberomorus niphonius"
"1034","eDNA, top 500","Scophthalmus aquosus"
"1035","eDNA, top 500","Scorpaena miostoma"
"1036","eDNA, top 500","Scorpaena pepo"
"1037","eDNA, top 500","Scorpaenodes albaiensis"
"1038","eDNA, top 500","Scorpaenodes minor"
"1039","eDNA, top 500","Scorpaenodes quadrispinosus"
"1040","eDNA, top 500","Scorpaenodes scaber"
"1041","eDNA, top 500","Scorpaenodes sp. KAUM:I:58534"
"1042","eDNA, top 500","Scorpaenodes sp. RGIP_3124"
"1043","eDNA, top 500","Scorpaenopsis cirrosa"
"1044","eDNA, top 500","Scorpaenopsis macrochir"
"1045","eDNA, top 500","Scorpaenopsis neglecta"
"1046","eDNA, top 500","Scorpaenopsis orientalis"
"1047","eDNA, top 500","Scorpaenopsis papuensis"
"1048","eDNA, top 500","Scorpaenopsis ramaraoi"
"1049","eDNA, top 500","Scorpaenopsis venosa"
"1050","eDNA, top 500","Sebastapistes tinkhami"
"1051","eDNA, top 500","Sebastes baramenuke"
"1052","eDNA, top 500","Sebastes cheni"
"1053","eDNA, top 500","Sebastes fasciatus"
"1054","eDNA, top 500","Sebastes hubbsi"
"1055","eDNA, top 500","Sebastes inermis"
"1056","eDNA, top 500","Sebastes iracundus"
"1057","eDNA, top 500","Sebastes joyneri"
"1058","eDNA, top 500","Sebastes koreanus"
"1059","eDNA, top 500","Sebastes longispinis"
"1060","eDNA, top 500","Sebastes matsubarai"
"1061","eDNA, top 500","Sebastes mentella"
"1062","eDNA, top 500","Sebastes minor"
"1063","eDNA, top 500","Sebastes norvegicus"
"1064","eDNA, top 500","Sebastes oblongus"
"1065","eDNA, top 500","Sebastes oculatus"
"1066","eDNA, top 500","Sebastes owstoni"
"1067","eDNA, top 500","Sebastes pachycephalus"
"1068","eDNA, top 500","Sebastes pachycephalus pachycephalus"
"1069","eDNA, top 500","Sebastes schlegelii"
"1070","eDNA, top 500","Sebastes scythropus"
"1071","eDNA, top 500","Sebastes sp. CBM Chiba DNA 2015-535"
"1072","eDNA, top 500","Sebastes steindachneri"
"1073","eDNA, top 500","Sebastes taczanowskii"
"1074","eDNA, top 500","Sebastes trivittatus"
"1075","eDNA, top 500","Sebastes ventricosus"
"1076","eDNA, top 500","Sebastes viviparus"
"1077","eDNA, top 500","Sebastes vulpes"
"1078","eDNA, top 500","Sebastes wakiyai"
"1079","eDNA, top 500","Sebastiscus albofasciatus"
"1080","eDNA, top 500","Sebastiscus tertius"
"1081","eDNA, top 500","Sebastiscus vibrantus"
"1082","eDNA, top 500","Selenotoca multifasciata"
"1083","eDNA, top 500","Semaprochilodus insignis"
"1084","eDNA, top 500","Semaprochilodus sp. CBM:ZF:12566"
"1085","eDNA, top 500","Semaprochilodus sp. CBM:ZF:13710"
"1086","eDNA, top 500","Semaprochilodus taeniurus"
"1087","eDNA, top 500","Seriolella porosa"
"1088","eDNA, top 500","Serranidae sp. JL-2015"
"1089","eDNA, top 500","Serrasalmus elongatus"
"1090","eDNA, top 500","Setarches longimanus"
"1091","eDNA, top 500","Setipinna melanochir"
"1092","eDNA, top 500","Setipinna taty"
"1093","eDNA, top 500","Setipinna tenuifilis"
"1094","eDNA, top 500","Sicyopterus franouxi"
"1095","eDNA, top 500","Siganus punctatissimus"
"1096","eDNA, top 500","Sillago ingenuua"
"1097","eDNA, top 500","Sillago maculata"
"1098","eDNA, top 500","Sillago sp. 1 SS-2021"
"1099","eDNA, top 500","Silurus asotus"
"1100","eDNA, top 500","Silurus biwaensis"
"1101","eDNA, top 500","Silurus glanis"
"1102","eDNA, top 500","Silurus soldatovi"
"1103","eDNA, top 500","Siniperca chuatsi x Siniperca scherzeri"
"1104","eDNA, top 500","Siniperca fortis"
"1105","eDNA, top 500","Siniperca scherzeri"
"1106","eDNA, top 500","Siniperca undulata"
"1107","eDNA, top 500","Siphateles alvordensis"
"1108","eDNA, top 500","Siphateles bicolor"
"1109","eDNA, top 500","Siphateles bicolor eurysoma"
"1110","eDNA, top 500","Siphateles bicolor mohavensis"
"1111","eDNA, top 500","Siphateles bicolor thalassinus"
"1112","eDNA, top 500","Siphateles boraxobius"
"1113","eDNA, top 500","Solegnathus spinosissimus"
"1114","eDNA, top 500","Sphyraena guachancho"
"1115","eDNA, top 500","Spirinchus lanceolatus"
"1116","eDNA, top 500","Sprattus antipodum"
"1117","eDNA, top 500","Sprattus muelleri"
"1118","eDNA, top 500","Sprattus sprattus"
"1119","eDNA, top 500","Squalidus argentatus"
"1120","eDNA, top 500","Squalidus chankaensis"
"1121","eDNA, top 500","Squalidus gracilis"
"1122","eDNA, top 500","Squalidus iijimae"
"1123","eDNA, top 500","Squalidus japonicus"
"1124","eDNA, top 500","Squalidus mantschuricus"
"1125","eDNA, top 500","Squalidus nitens"
"1126","eDNA, top 500","Squalidus sp. SX-0527"
"1127","eDNA, top 500","Squalius alburnoides"
"1128","eDNA, top 500","Squalius carolitertii"
"1129","eDNA, top 500","Squalius cephalus"
"1130","eDNA, top 500","Squalius lepidus"
"1131","eDNA, top 500","Squalius pyrenaicus"
"1132","eDNA, top 500","Steindachnerina elegans"
"1133","eDNA, top 500","Stenatherina panatela"
"1134","eDNA, top 500","Stenogobius genivittatus"
"1135","eDNA, top 500","Stenogobius sp. TANEKAWA-HAZE"
"1136","eDNA, top 500","Stephanolepis hispida"
"1137","eDNA, top 500","Stereolepis doederleini"
"1138","eDNA, top 500","Stichaeopsis epallax"
"1139","eDNA, top 500","Stichaeopsis nana"
"1140","eDNA, top 500","Stichaeopsis nevelskoi"
"1141","eDNA, top 500","Stichaeopsis sp. HUMZ:198853"
"1142","eDNA, top 500","Stichaeus fuscus"
"1143","eDNA, top 500","Stichaeus grigorjewi"
"1144","eDNA, top 500","Stichaeus nozawae"
"1145","eDNA, top 500","Stlengis misakia"
"1146","eDNA, top 500","Stomias nebulosus"
"1147","eDNA, top 500","Stromateus brasiliensis"
"1148","eDNA, top 500","Strongylura notata"
"1149","eDNA, top 500","Sueviota sp. MOOP_2911"
"1150","eDNA, top 500","Symphodus cinereus"
"1151","eDNA, top 500","Symphodus mediterraneus"
"1152","eDNA, top 500","Symphodus melops"
"1153","eDNA, top 500","Symphodus ocellatus"
"1154","eDNA, top 500","Symphodus roissali"
"1155","eDNA, top 500","Symphodus tinca"
"1156","eDNA, top 500","Synchiropus splendidus"
"1157","eDNA, top 500","Syncrossus beauforti"
"1158","eDNA, top 500","Syncrossus hymenophysa"
"1159","eDNA, top 500","Syncrossus reversus"
"1160","eDNA, top 500","Tachysurus aurantiacus"
"1161","eDNA, top 500","Tachysurus eupogon"
"1162","eDNA, top 500","Tachysurus fulvidraco"
"1163","eDNA, top 500","Tachysurus fulvidraco x Leiocassis longirostris"
"1164","eDNA, top 500","Tachysurus fulvidraco x Tachysurus vachelli"
"1165","eDNA, top 500","Tachysurus nudiceps"
"1166","eDNA, top 500","Tachysurus tokiensis"
"1167","eDNA, top 500","Tachysurus virgatus"
"1168","eDNA, top 500","Taenioides sp. HYS-2014"
"1169","eDNA, top 500","Taeniopsetta ocellata"
"1170","eDNA, top 500","Tampichthys ipni"
"1171","eDNA, top 500","Taractes rubescens"
"1172","eDNA, top 500","Taurocottus bergii"
"1173","eDNA, top 500","Taurulus bubalis"
"1174","eDNA, top 500","Tautoga onitis"
"1175","eDNA, top 500","Telmatherina bonti"
"1176","eDNA, top 500","Tenualosa ilisha"
"1177","eDNA, top 500","Tenualosa toli"
"1178","eDNA, top 500","Tetragonurus pacificus"
"1179","eDNA, top 500","Tetrapturus belone"
"1180","eDNA, top 500","Tetrapturus georgii"
"1181","eDNA, top 500","Tetrapturus pfluegeri"
"1182","eDNA, top 500","Tetrapturus sp. JRM-2006"
"1183","eDNA, top 500","Tetrosomus concatenatus"
"1184","eDNA, top 500","Thoburnia rhothoeca"
"1185","eDNA, top 500","Thorichthys meeki"
"1186","eDNA, top 500","Thryssa baelama"
"1187","eDNA, top 500","Thryssa dussumieri"
"1188","eDNA, top 500","Thryssa hamiltonii"
"1189","eDNA, top 500","Thryssa kammalensis"
"1190","eDNA, top 500","Thryssa kammalensoides"
"1191","eDNA, top 500","Thryssa malabarica"
"1192","eDNA, top 500","Thryssa setirostris"
"1193","eDNA, top 500","Thymallus arcticus"
"1194","eDNA, top 500","Thymallus arcticus arcticus"
"1195","eDNA, top 500","Thymallus baicalensis"
"1196","eDNA, top 500","Thymallus baicalolenensis"
"1197","eDNA, top 500","Thymallus brevicephalus"
"1198","eDNA, top 500","Thymallus brevirostris"
"1199","eDNA, top 500","Thymallus burejensis"
"1200","eDNA, top 500","Thymallus flavomaculatus"
"1201","eDNA, top 500","Thymallus grubii"
"1202","eDNA, top 500","Thymallus ligericus"
"1203","eDNA, top 500","Thymallus mertensii"
"1204","eDNA, top 500","Thymallus nigrescens"
"1205","eDNA, top 500","Thymallus nikolskyi"
"1206","eDNA, top 500","Thymallus pallasii"
"1207","eDNA, top 500","Thymallus svetovidovi"
"1208","eDNA, top 500","Thymallus thymallus"
"1209","eDNA, top 500","Thymallus tugarinae"
"1210","eDNA, top 500","Thymallus yaluensis"
"1211","eDNA, top 500","Thysanactis sp. CBM:ZF:15563"
"1212","eDNA, top 500","Tilesina gibbosa"
"1213","eDNA, top 500","Tomiyamichthys emilyae"
"1214","eDNA, top 500","Trachyrincus murrayi"
"1215","eDNA, top 500","Trichocottus brashnikovi"
"1216","eDNA, top 500","Trichogaster fasciata"
"1217","eDNA, top 500","Trichogaster lalius"
"1218","eDNA, top 500","Trichomycterus sp. 1 NS-2020"
"1219","eDNA, top 500","Trichomycterus sp. 2 NS-2020"
"1220","eDNA, top 500","Tridentiger microsquamis"
"1221","eDNA, top 500","Tridentiger radiatus"
"1222","eDNA, top 500","Triglops murrayi"
"1223","eDNA, top 500","Triglops nybelini"
"1224","eDNA, top 500","Triplophysa labiata"
"1225","eDNA, top 500","Triportheus auritus"
"1226","eDNA, top 500","Trisopterus luscus"
"1227","eDNA, top 500","Trisopterus minutus"
"1228","eDNA, top 500","Tylosurus melanotus"
"1229","eDNA, top 500","Uaru amphiacanthoides"
"1230","eDNA, top 500","Ulvaria subbifurcata"
"1231","eDNA, top 500","Upeneus taeniopterus"
"1232","eDNA, top 500","Valenciennea longipinnis"
"1233","eDNA, top 500","Valenciennea puellaris"
"1234","eDNA, top 500","Vellitor centropomus"
"1235","eDNA, top 500","Vellitor minutus"
"1236","eDNA, top 500","Verasper moseri"
"1237","eDNA, top 500","Verasper variegatus"
"1238","eDNA, top 500","Vimba melanops"
"1239","eDNA, top 500","Xeniamia atrithorax"
"1240","eDNA, top 500","Xenobalistes tumidipectoris"
"1241","eDNA, top 500","Xenodermichthys copei"
"1242","eDNA, top 500","Xenolumpenus longipterus"
"1243","eDNA, top 500","Xenophthalmichthys danae"
"1244","eDNA, top 500","Yaoshania pachychilus"
"1245","eDNA, top 500","Yasuhikotakia lecontei"
"1246","eDNA, top 500","Yunnanilus bailianensis"
"1247","eDNA, top 500","Yunnanilus brevis"
"1248","eDNA, top 500","Yunnanilus longibarbatus"
"1249","eDNA, top 500","Yuriria alta"
"1250","eDNA, top 500","Zacco acutipinnis"
"1251","eDNA, top 500","Zacco platypus"
"1252","eDNA, top 500","Zenion japonicum"
"1253","eDNA, top 500","Zesticelus bathybius"
"1254","eDNA, top 500","Zesticelus ochotensis"
"1255","eDNA, top 500","Zoarces americanus"
"1256","eDNA, top 500","Zoarces elongatus"
"1257","eDNA, top 500","Zoarces gillii"
"1258","eDNA, top 500","Zoarces viviparus"
"1259","eDNA, top 500","Zoarchias glaber"
"1260","eDNA, top 500","Zoarchias major"
"1261","eDNA, top 500","Zoarchias neglectus"
"1262","eDNA, top 500","Zoarchias veneficus"
