LC499197	1306754	Eukaryota	Chordata	Actinopteri	Pempheriformes	Howellidae	Howella	Howella_parini	CACCGCGGTTATACGAGAGGCTCAAGTTGAGAGAACTACGGCGTAAAGGGTGGTTAAGGTAAACTTAAAAAATAAAGCCGAACCCCCTCAACACTGTAATACGCCCCCGAGGGGAGGAAGCCCAATCACGAAAGTGGCTTTACAACTCCTGAACCCACGAAAGCTAGGGCA
LC645328	270548	Eukaryota	Chordata	Actinopteri	Blenniiformes	Labrisomidae	Neoclinus	Neoclinus_bryope	CACCGCGGTTATACGAGAGGCCCAAGTTGACAAACCCTCGGCGTAAAGCGTGGTTAGAATATTTTACTACTAAAGCCGAACGCCCTCATAGCTGTTATACGCTCCCGAGGGTAAGAAGCTCAATTACGAAAGTAGCTTTACCTAACTCGACCCCACGAAAGCTGTGGAA
LC492427	270548	Eukaryota	Chordata	Actinopteri	Blenniiformes	Labrisomidae	Neoclinus	Neoclinus_bryope	CACCGCGGTTATACGAGAGGCCCAAGTTGACAAACCCTCGGCGTAAAGCGTGGTTAGAATATTTTACTACTAAAGCCGAACGCCCTCATAGCTGTTATACGCTCCCGAGGGTAAGAAGCTCAATTACGAAAGTAGCTTTACCTAACTCGACCCCACGAAAGCTGTGGAA
LC327152	270548	Eukaryota	Chordata	Actinopteri	Blenniiformes	Labrisomidae	Neoclinus	Neoclinus_bryope	CACCGCGGTTATACGAGAGGCCCAAGTTGACAAACCCTCGGCGTAAAGCGTGGTTAGAATATTTTACTACTAAAGCCGAACGCCCTCATAGCTGTTATACGCTCCCGAGGGTAAGAAGCTCAATTACGAAAGTAGCTTTACCTAACTCGACCCCACGAAAGCTGTGGAA
LC278067	270548	Eukaryota	Chordata	Actinopteri	Blenniiformes	Labrisomidae	Neoclinus	Neoclinus_bryope	CACCGCGGTTATACGAGAGGCCCAAGTTGACAAACCCTCGGCGTAAAGCGTGGTTAGAATATTTTACTACTAAAGCCGAACGCCCTCATAGCTGTTATACGCTCCCGAGGGTAAGAAGCTCAATTACGAAAGTAGCTTTACCTAACTCGACCCCACGAAAGCTGTGGAA
LC327150	270548	Eukaryota	Chordata	Actinopteri	Blenniiformes	Labrisomidae	Neoclinus	Neoclinus_bryope	CACCGCGGTTATACGAGAGGCCCAAGTTGACAAACCCTCGGCGTAAAGCGTGGTTAGAATATTTTACTACTAAAGCCGAACGCCCTCATAGCTGTTATACGCTCCCGAGGGTAAGAAGCTCAATTACGAAAGTAGCTTTACCTAACTCGACCCCACGAAAGCTGTGGAA
LC327151	270548	Eukaryota	Chordata	Actinopteri	Blenniiformes	Labrisomidae	Neoclinus	Neoclinus_bryope	CACCGCGGTTATACGAGAGGCCCAAGTTGACAAACCCTCGGCGTAAAGCGTGGTTAGAATATTTTACTACTAAAGCCGAACGCCCTCATAGCTGTTATACGCTCCCGAGGGTAAGAAGCTCAATTACGAAAGTAGCTTTACCTAACTCGACCCCACGAAAGCTGTGGAA
LC145865	270548	Eukaryota	Chordata	Actinopteri	Blenniiformes	Labrisomidae	Neoclinus	Neoclinus_bryope	CACCGCGGTTATACGAGAGGCCCAAGTTGACAAACCCTCGGCGTAAAGCGTGGTTAGAATATTTTACTACTAAAGCCGAACGCCCTCATAGCTGTTATACGCTCCCGAGGGTAAGAAGCTCAATTACGAAAGTAGCTTTACCTAACTCGACCCCACGAAAGCTGTGGAA
LC104706	270548	Eukaryota	Chordata	Actinopteri	Blenniiformes	Labrisomidae	Neoclinus	Neoclinus_bryope	CACCGCGGTTATACGAGAGGCCCAAGTTGACAAACCCTCGGCGTAAAGCGTGGTTAGAATATTTTACTACTAAAGCCGAACGCCCTCATAGCTGTTATACGCTCCCGAGGGTAAGAAGCTCAATTACGAAAGTAGCTTTACCTAACTCGACCCCACGAAAGCTGTGGAA
LC278179	270548	Eukaryota	Chordata	Actinopteri	Blenniiformes	Labrisomidae	Neoclinus	Neoclinus_bryope	CACCGCGGTTATACGAGAGGCCCAAGTTGACAAACCCTCGGCGTAAAGCGTGGTTAGAATATTTTACTACTAAAGCCGAACGCCCTCATAGCTGTTATACGCTCCCGAGGGTAAGAAGCTCAATTACGAAAGTAGCTTTACCTAACTCGACCCCACGAAAGCTGTGGAA
LC327149	270548	Eukaryota	Chordata	Actinopteri	Blenniiformes	Labrisomidae	Neoclinus	Neoclinus_bryope	CACCGCGGTTATACGAGAGGCCCAAGTTGACAAACCCTCGGCGTAAAGCGTGGTTAGAATATTTTACTACTAAAGCCGAACGCCCTCATAGCTGTTATACGCTCCCGAGGGTAAGAAGCTCAATTACGAAAGTAGCTTTACCTAACTCGACCCCACGAAAGCTGTGGAA
LC327148	270548	Eukaryota	Chordata	Actinopteri	Blenniiformes	Labrisomidae	Neoclinus	Neoclinus_bryope	CACCGCGGTTATACGAGAGGCCCAAGTTGACAAACCCTCGGCGTAAAGCGTGGTTAGAATATTTTACTACTAAAGCCGAACGCCCTCATAGCTGTTATACGCTCCCGAGGGTAAGAAGCTCAATTACGAAAGTAGCTTTACCTAACTCGACCCCACGAAAGCTGTGGAA
LC492425	270548	Eukaryota	Chordata	Actinopteri	Blenniiformes	Labrisomidae	Neoclinus	Neoclinus_bryope	CACCGCGGTTATACGAGAGGCCCAAGTTGACAAACCCTCGGCGTAAAGCGTGGTTAGAATATTTTACTACTAAAGCCGAACGCCCTCATAGCTGTTATACGCTCCCGAGGGTAAGAAGCTCAATTACGAAAGTAGCTTTACCTAACTCGACCCCACGAAAGCTGTGGAA
LC492426	270548	Eukaryota	Chordata	Actinopteri	Blenniiformes	Labrisomidae	Neoclinus	Neoclinus_bryope	CACCGCGGTTATACGAGAGGCCCAAGTTGACAAACCCTCGGCGTAAAGCGTGGTTAGAATATTTTACTACTAAAGCCGAACGCCCTCATAGCTGTTATACGCTCCCGAGGGTAAGAAGCTCAATTACGAAAGTAGCTTTACCTAACTCGACCCCACGAAAGCTGTGGAA
